DROP DATABASE IF EXISTS `pse`;
CREATE database pse;
use pse;

CREATE TABLE `departement` (
  `id` int(10) AUTO_INCREMENT PRIMARY key,
  `code` text NOT NULL,
  `nom` text NOT NULL
);

CREATE TABLE `groupe` (
`id_groupe` int(10) PRIMARY KEY AUTO_INCREMENT ,
`libelle` varchar(50) DEFAULT NULL,
`id_dep` int(10),
FOREIGN KEY (id_dep) REFERENCES departement(id)
);

CREATE TABLE `role` (
`id_role` int(10) PRIMARY KEY AUTO_INCREMENT,
`profile` varchar(50) DEFAULT NULL
);

CREATE TABLE `utilisateur` (
`id_user` int(10) PRIMARY KEY AUTO_INCREMENT ,
`login` varchar(50) DEFAULT NULL,
`pwd` varchar(100) DEFAULT NULL,
`active` tinyint(1) DEFAULT 1 COMMENT '1=Active | 0=Inactive',
`code` varchar(20) DEFAULT NULL,
`id_role` int(10) DEFAULT NULL ,
FOREIGN KEY (id_role) REFERENCES role(id_role)
);


CREATE TABLE `module` (
`id_module` int(10) PRIMARY KEY AUTO_INCREMENT,
`nom_module` varchar(50) DEFAULT NULL
);

CREATE TABLE `semestre` (
`id_semestre` int(10) PRIMARY KEY AUTO_INCREMENT,
`nom_semestre` varchar(50) DEFAULT NULL
);

CREATE TABLE `type_matiere` (
`id_type_matiere` int(10) PRIMARY KEY AUTO_INCREMENT,
`libelle_type` varchar(50) NOT NULL
);

CREATE TABLE `matiere` (
`id_matiere` int(10) PRIMARY KEY AUTO_INCREMENT ,
`code` varchar(20)  UNIQUE,
`libelle` varchar(50) DEFAULT NULL,
`specialite` varchar(20) DEFAULT NULL,
`id_module` int(10)  ,
`id_semestre` int(10) ,
FOREIGN KEY (id_module) REFERENCES module(id_module),
FOREIGN KEY (id_semestre) REFERENCES semestre(id_semestre)
);

CREATE TABLE `enseignant` (
`id_ens` int(10) PRIMARY KEY AUTO_INCREMENT ,
`nom` varchar(60) DEFAULT NULL,
`prenom` varchar(60) DEFAULT NULL,
`Date_naiss` date DEFAULT NULL,
`lieu_naiss` varchar(30) DEFAULT NULL,
`email` varchar(100) DEFAULT NULL,
`num_tel` int(20) DEFAULT NULL,
`num_whatsapp` int(20) DEFAULT NULL,
`diplome` varchar(20) DEFAULT NULL,
`grade` varchar(20) DEFAULT NULL,
`id_role` int(11) NOT NULL,
FOREIGN KEY (id_role) REFERENCES role(id_role)

);


CREATE TABLE `type_soumission`(
  `id_type_sous` INT(10) AUTO_INCREMENT PRIMARY KEY,
  `libelle` varchar(50) DEFAULT NULL
);



CREATE TABLE `soumission` (
`id_sous` int(10) PRIMARY KEY AUTO_INCREMENT ,
`titre_sous` varchar(50),
`description_sous` varchar(50) ,
`person_contact` varchar(100) DEFAULT NULL,
`id_ens` int(10) ,
`date_debut` datetime NOT NULL,
`date_fin` datetime NOT NULL,
`valide` tinyint(1) DEFAULT NULL,
`status` INT(5) DEFAULT 0,
`id_matiere` int(10) DEFAULT NULL,
`id_type_sous` INT(10) DEFAULT NULL,
FOREIGN KEY (id_matiere) REFERENCES matiere(id_matiere),
  FOREIGN KEY (id_ens) REFERENCES enseignant(id_ens),
  FOREIGN KEY (id_type_sous) REFERENCES type_soumission(id_type_sous)
);


DROP TABLE IF EXISTS `fichiers_soumission`;
CREATE TABLE IF NOT EXISTS `fichiers_soumission` (
  `id_fichier_sous` int(11) NOT NULL AUTO_INCREMENT PRIMARY KEY,
  `nom_fichier` varchar(255) NOT NULL,
  `chemin_fichier` varchar(255) NOT NULL,
  `id_sous` int(10) DEFAULT NULL,
 FOREIGN KEY (id_sous) REFERENCES soumission(id_sous)
);



CREATE TABLE `etudiant` (
`id_etud` int(10) PRIMARY KEY AUTO_INCREMENT ,
`matricule` varchar(50) NOT NULL UNIQUE,
`nom` varchar(60) DEFAULT NULL,
`prenom` varchar(60) DEFAULT NULL,
`lieu_naiss` varchar(100) DEFAULT NULL,
`Date_naiss` date DEFAULT NULL,
`id_semestre` int(10) DEFAULT NULL,
`annee` varchar(50) DEFAULT NULL,
`email` varchar(50) DEFAULT NULL,
`id_role` int(11) NOT NULL,
`id_groupe` int(10) DEFAULT NULL,
`id_dep` int(10) DEFAULT NULL,
`groupe_td` varchar(60) DEFAULT NULL,
FOREIGN KEY (id_semestre) REFERENCES semestre(id_semestre),
FOREIGN KEY (id_dep) REFERENCES departement(id),
FOREIGN KEY (id_role) REFERENCES role(id_role),
FOREIGN KEY (id_groupe) REFERENCES groupe(id_groupe)
);



CREATE TABLE `enseigner` (
`id_matiere` int(10)  NOT NULL,
`id_ens` int(10)  NOT NULL,
`id_groupe` int(10) NOT NULL,
`id_type_matiere` int(10) NOT NULL,
FOREIGN KEY (id_type_matiere) REFERENCES type_matiere(id_type_matiere),
FOREIGN KEY (id_matiere) REFERENCES matiere(id_matiere),
FOREIGN KEY (id_groupe) REFERENCES groupe(id_groupe),
FOREIGN KEY (id_ens) REFERENCES enseignant(id_ens)
);

CREATE TABLE inscription(
id_insc int AUTO_INCREMENT PRIMARY key ,
id_etud int(10) NOT NULL ,
id_matiere INT(10) NOT NULL ,
id_semestre INT(10) NOT NULL ,
FOREIGN KEY (id_matiere) REFERENCES matiere(id_matiere),
FOREIGN KEY (id_semestre) REFERENCES semestre(id_semestre),
FOREIGN KEY (id_etud) REFERENCES etudiant(id_etud)
);

--

CREATE TABLE matiere_semestre(
	id_matiere_semestre int(10) PRIMARY KEY AUTO_INCREMENT ,
    id_matiere int(10),
    id_semestre int(10),
    FOREIGN KEY (id_matiere) REFERENCES matiere(id_matiere),
    FOREIGN KEY (id_semestre) REFERENCES semestre(id_semestre)
);



CREATE TABLE reponses(
  id_rep int(10) AUTO_INCREMENT PRIMARY key ,
  description_rep varchar(200),
  date datetime DEFAULT NOW(), 
  render bool DEFAULT 0,
  confirmer bool DEFAULT 0,
  note float(10) DEFAULT 0,
  id_sous INT(10) not NULL,
  id_etud INT(10) not NULL,
  FOREIGN KEY (id_sous) REFERENCES soumission(id_sous),
  FOREIGN KEY (id_etud) REFERENCES etudiant(id_etud)
);

CREATE TABLE IF NOT EXISTS `fichiers_reponses` (
  `id_fich_rep` int(11) NOT NULL AUTO_INCREMENT,
  id_rep int(10) NOT NULL,
  `nom_fichiere` varchar(255) NOT NULL,
  `chemin_fichiere` varchar(255) NOT NULL,
  PRIMARY KEY (`id_fich_rep`),
  FOREIGN KEY (id_rep) REFERENCES reponses(id_rep)
);

CREATE TABLE `demande` (
  id_demande int(10) AUTO_INCREMENT PRIMARY key ,
  `id_sous` int(10) DEFAULT NULL,
  `id_etud` int(10) DEFAULT NULL,
  `description` varchar(200) DEFAULT NULL,
  `autoriser` int(1) DEFAULT 0 COMMENT '1=Autoriser | 0= Non Autoriser',
  FOREIGN KEY (id_sous) REFERENCES soumission(id_sous),
  FOREIGN KEY (id_etud) REFERENCES etudiant(id_etud)
);


DROP TABLE IF EXISTS `fichiers_soumission`;
CREATE TABLE IF NOT EXISTS `fichiers_soumission` (
  `id` int(11) NOT NULL AUTO_INCREMENT,
  `id_sous` int(11) NOT NULL,
  `nom_fichier` varchar(255) NOT NULL,
  `chemin_fichier` varchar(255) NOT NULL,
  PRIMARY KEY (`id`),
   FOREIGN KEY (id_sous) REFERENCES soumission(id_sous)
);

CREATE TABLE IF NOT EXISTS `fichiers_reponses` (
  `id_fich_rep` int(11) NOT NULL AUTO_INCREMENT,
  id_rep int(10) NOT NULL,
  `nom_fichiere` varchar(255) NOT NULL,
  `chemin_fichiere` varchar(255) NOT NULL,
  PRIMARY KEY (`id_fich_rep`),
    FOREIGN KEY (id_rep) REFERENCES reponses(id_rep)
);


-- --------------------------------------------------------
-- --------------------------------------------------------


INSERT INTO `semestre` (`id_semestre`, `nom_semestre`) VALUES
(1, 'S1'),
(2, 'S2'),
(3, 'S3'),
(4, 'S4'),
(5, 'S5'),
(6, 'S6');




-- --------------------------------------------------------
-- --------------------------------------------------------



INSERT INTO `role` (`id_role`, `profile`) VALUES
(1, 'Administrateur'),
(2, 'Enseignant'),
(3, 'Étudiant');

-- --------------------------------------------------------
-- --------------------------------------------------------

INSERT INTO `type_soumission` (`id_type_sous`, `libelle`) VALUES 
(1, 'Examen'), 
(2, 'Devoir'), 
(3, 'TP Notée')
;



-- --------------------------------------------------------
-- --------------------------------------------------------


INSERT INTO `module` (`nom_module`)
VALUES ('Programmation et développement 1'),
      ('Systèmes et Réseaux'),
      ('Outils mathématiques et informatiques'),
      ('Développement personnel');



-- --------------------------------------------------------
-- --------------------------------------------------------


INSERT INTO `departement` ( `code`, `nom`) VALUES
('DSI', 'Devellopement'),
('RSS', 'Réseaux'),
('CNM', 'Multimedia'),
('TC', 'Troncommun');

-- --------------------------------------------------------
-- --------------------------------------------------------


INSERT INTO `type_matiere` (`id_type_matiere`, `libelle_type`) VALUES
(1, 'CM'),
(2, 'TP'),
(3, 'TD'),
(4, 'TP3'),
(5, 'TP4'),
(6, 'TP5'),
(7, 'TP6'),
(8, 'TP1'),
(9, 'TP2'),
(10, 'TD1'),
(11, 'TD2'),
(13, 'TD3'),
(14, 'TD5'),
(16, 'TD6'),
(15, 'TP4'),
(17, 'TD4');
-- --------------------------------------------------------
-- --------------------------------------------------------


INSERT INTO `groupe` (`libelle`, `id_dep`) VALUES
('G1', 4),
('G2', 4),
('G3', 4);


-- --------------------------------------------------------
-- --------------------------------------------------------



INSERT INTO `matiere` (`id_matiere`, `code`, `libelle`, `specialite`, `id_module`, `id_semestre`) VALUES
(13, 'Dev110', 'Algorithmique et programmation C++', 'TC', 1, 1),
(14, 'MAI110', 'Algèbre', 'TC', 3, 1),
(15, 'MAI111', 'Analyse', 'TC', 3, 1),
(16, 'DPR111', 'Anglais', 'TC', 4, 1),
(17, 'Dev111', 'Introduction aux bases de données', 'TC', 1, 1),
(18, 'SYR110', 'Base d\'informatique', 'TC', 2, 1),
(19, 'DPR110', 'Communication', 'TC', 4, 1),
(20, 'MAI112', 'Certification PIX 1', 'TC', 3, 1),
(21, 'DPR112', 'Projet personnel et professionnel 1', 'TC', 4, 1),
(22, 'SYR111', 'Concepts de base de réseaux informatiques', 'TC', 2, 1),
(23, 'Dev112', 'Technologies web', 'TC', 1, 1);




-- --------------------------------------------------------
-- --------------------------------------------------------


INSERT INTO `matiere_semestre` (`id_matiere_semestre`, `id_matiere`, `id_semestre`) VALUES
(1, 13, 1),
(2, 17, 1),
(3, 23, 1),
(4, 19, 1),
(5, 16, 1),
(6, 21, 1),
(7, 14, 1),
(8, 15, 1),
(9, 20, 1),
(10, 18, 1),
(11, 22, 1);


-- --------------------------------------------------------
-- --------------------------------------------------------

INSERT INTO `etudiant` (`id_etud`, `matricule`, `nom`, `prenom`, `lieu_naiss`, `Date_naiss`, `id_semestre`, `annee`, `email`, `id_role`, `id_groupe`, `id_dep`, `groupe_td`) VALUES
(1, '22031', 'Diakit', 'Mama', '', '0000-00-00', 1, '', '22031@supnum.mr', 3, NULL, NULL, ''),
(2, '22036', 'Abdi Sidi', 'Memoud', '', '0000-00-00', 1, '', '22036@supnum.mr', 3, NULL, NULL, ''),
(3, '23020', 'Boumediana', 'Ahmedou', '', '0000-00-00', 1, '', '23020@supnum.mr', 3, NULL, NULL, ''),
(4, '23022', 'Benani', 'Mohamed lemine', '', '0000-00-00', 1, '', '23022@supnum.mr', 3, NULL, NULL, ''),
(5, '23037', 'Sid Ahmed', 'Brahim', '', '0000-00-00', 1, '', '23037@supnum.mr', 3, NULL, NULL, ''),
(6, '23043', 'Bourweiss', 'Saadne', '', '0000-00-00', 1, '', '23043@supnum.mr', 3, NULL, NULL, ''),
(7, '23046', 'Moulaye', 'Abdellahi', '', '0000-00-00', 1, '', '23046@supnum.mr', 3, NULL, NULL, ''),
(8, '23050', 'Bebate', 'Ebabe', '', '0000-00-00', 1, '', '23050@supnum.mr', 3, NULL, NULL, ''),
(9, '23056', 'El Bechir', 'Aminetou', '', '0000-00-00', 1, '', '23056@supnum.mr', 3, NULL, NULL, ''),
(10, '23059', 'Mohamed Salem', 'Mohamed Abdel Haye', '', '0000-00-00', 1, '', '23059@supnum.mr', 3, NULL, NULL, ''),
(11, '23061', 'Salem', 'Noura', '', '0000-00-00', 1, '', '23061@supnum.mr', 3, NULL, NULL, ''),
(12, '23065', ' Ely Ould Ahmed', 'Lala Aicha', '', '0000-00-00', 1, '', '23065@supnum.mr', 3, NULL, NULL, ''),
(13, '23067', 'Chavii', 'Mohamed Salem', '', '0000-00-00', 1, '', '23067@supnum.mr', 3, NULL, NULL, ''),
(14, '23074', 'El Mane', 'Fatimetou', '', '0000-00-00', 1, '', '23074@supnum.mr', 3, NULL, NULL, ''),
(15, '23075', 'Dadda', 'Taslem', '', '0000-00-00', 1, '', '23075@supnum.mr', 3, NULL, NULL, ''),
(16, '23077', 'Gaye', 'Oumoul Khairy', '', '0000-00-00', 1, '', '23077@supnum.mr', 3, NULL, NULL, ''),
(17, '23082', 'Yahi', 'Alya', '', '0000-00-00', 1, '', '23082@supnum.mr', 3, NULL, NULL, ''),
(18, '23085', 'Minnih', 'Mariem', '', '0000-00-00', 1, '', '23085@supnum.mr', 3, NULL, NULL, ''),
(19, '23091', 'Lo', 'Houleimata', '', '0000-00-00', 1, '', '23091@supnum.mr', 3, NULL, NULL, ''),
(20, '23092', 'Khyarhoum', 'Cheikh El Khadi', '', '0000-00-00', 1, '', '23092@supnum.mr', 3, NULL, NULL, ''),
(21, '23099', 'Taledb Abdellahi', 'Mohamed Elmokhtar', '', '0000-00-00', 1, '', '23099@supnum.mr', 3, NULL, NULL, ''),
(22, '23101', 'khayar', 'Salah Dine', '', '0000-00-00', 1, '', '23101@supnum.mr', 3, NULL, NULL, ''),
(23, '24001', 'Amar Sidi', 'Oussama', '', '0000-00-00', 1, '', '24001@supnum.mr', 3, NULL, NULL, ''),
(24, '24002', 'Chade', 'Fatma', '', '0000-00-00', 1, '', '24002@supnum.mr', 3, NULL, NULL, ''),
(25, '24003', 'El Hadj', 'Baye', '', '0000-00-00', 1, '', '24003@supnum.mr', 3, NULL, NULL, ''),
(26, '24004', 'Belkhair', 'Vatimetou', '', '0000-00-00', 1, '', '24004@supnum.mr', 3, NULL, NULL, ''),
(27, '24005', 'Mohamed', 'Mohamed', '', '0000-00-00', 1, '', '24005@supnum.mr', 3, NULL, NULL, ''),
(28, '24006', 'Mohamed Ahmed', 'Savia', '', '0000-00-00', 1, '', '24006@supnum.mr', 3, NULL, NULL, ''),
(29, '24007', 'Mohamed El Hattab', 'Abdallahi', '', '0000-00-00', 1, '', '24007@supnum.mr', 3, NULL, NULL, ''),
(30, '24008', 'Sidi Mohamed', 'Sidi Mohamed', '', '0000-00-00', 1, '', '24008@supnum.mr', 3, NULL, NULL, ''),
(31, '24009', 'Thiam', 'Malick', '', '0000-00-00', 1, '', '24009@supnum.mr', 3, NULL, NULL, ''),
(32, '24010', 'Abderrahmane', 'Ahmed', '', '0000-00-00', 1, '', '24010@supnum.mr', 3, NULL, NULL, ''),
(33, '24011', 'Naha Baba Cheikh Sidiya', 'Naha', '', '0000-00-00', 1, '', '24011@supnum.mr', 3, NULL, NULL, ''),
(34, '24012', 'Samba', 'Bowba', '', '0000-00-00', 1, '', '24012@supnum.mr', 3, NULL, NULL, ''),
(35, '24013', 'Chighali Samouri Habott', 'Chighali', '', '0000-00-00', 1, '', '24013@supnum.mr', 3, NULL, NULL, ''),
(36, '24014', 'Sid M Hamed', 'Haja', '', '0000-00-00', 1, '', '24014@supnum.mr', 3, NULL, NULL, ''),
(37, '24015', 'Ghali', 'Mohamed Lemin', '', '0000-00-00', 1, '', '24015@supnum.mr', 3, NULL, NULL, ''),
(38, '24016', 'Brahim', 'El Mokhtar', '', '0000-00-00', 1, '', '24016@supnum.mr', 3, NULL, NULL, ''),
(39, '24017', 'Mohamed Lemine', 'Hindou', '', '0000-00-00', 1, '', '24017@supnum.mr', 3, NULL, NULL, ''),
(40, '24018', 'Meiloud', 'Abderrahmane', '', '0000-00-00', 1, '', '24018@supnum.mr', 3, NULL, NULL, ''),
(41, '24019', 'Mamoune', 'Vatimetou', '', '0000-00-00', 1, '', '24019@supnum.mr', 3, NULL, NULL, ''),
(42, '24020', 'Oumar El Housseinou Sow', 'Oumar', '', '0000-00-00', 1, '', '24020@supnum.mr', 3, NULL, NULL, ''),
(43, '24021', 'Cheikh Sidiya', 'Ahmed', '', '0000-00-00', 1, '', '24021@supnum.mr', 3, NULL, NULL, ''),
(44, '24022', 'Sidi Ould Ahmed', 'Asma', '', '0000-00-00', 1, '', '24022@supnum.mr', 3, NULL, NULL, ''),
(45, '24023', 'Sidi  Mohamed', 'Aminetou', '', '0000-00-00', 1, '', '24023@supnum.mr', 3, NULL, NULL, ''),
(46, '24024', 'Mohamed', 'El Houssein', '', '0000-00-00', 1, '', '24024@supnum.mr', 3, NULL, NULL, ''),
(47, '24025', 'Oubeid', 'Mohamed Yahya', '', '0000-00-00', 1, '', '24025@supnum.mr', 3, NULL, NULL, ''),
(48, '24026', 'Lefad', 'Fatimetou', '', '0000-00-00', 1, '', '24026@supnum.mr', 3, NULL, NULL, ''),
(49, '24027', 'Lehbib', 'Yeslem', '', '0000-00-00', 1, '', '24027@supnum.mr', 3, NULL, NULL, ''),
(50, '24028', 'Jed', 'Khadijetou', '', '0000-00-00', 1, '', '24028@supnum.mr', 3, NULL, NULL, ''),
(51, '24029', 'Ely', 'Cheikh', '', '0000-00-00', 1, '', '24029@supnum.mr', 3, NULL, NULL, ''),
(52, '24030', 'Khouna', 'Issmail', '', '0000-00-00', 1, '', '24030@supnum.mr', 3, NULL, NULL, ''),
(53, '24031', 'Habibou Ellahi', 'Sidi', '', '0000-00-00', 1, '', '24031@supnum.mr', 3, NULL, NULL, ''),
(54, '24032', 'Dih', 'Demaha', '', '0000-00-00', 1, '', '24032@supnum.mr', 3, NULL, NULL, ''),
(55, '24033', 'El Quetab', 'Abdellahi', '', '0000-00-00', 1, '', '24033@supnum.mr', 3, NULL, NULL, ''),
(56, '24034', 'Gohy', 'Abdallahi', '', '0000-00-00', 1, '', '24034@supnum.mr', 3, NULL, NULL, ''),
(57, '24035', 'El Moctar Lely', 'Zeiade', '', '0000-00-00', 1, '', '24035@supnum.mr', 3, NULL, NULL, ''),
(58, '24036', 'Mokhtar', 'Bembiya', '', '0000-00-00', 1, '', '24036@supnum.mr', 3, NULL, NULL, ''),
(59, '24037', 'Amar Sabar', 'Cheikh', '', '0000-00-00', 1, '', '24037@supnum.mr', 3, NULL, NULL, ''),
(60, '24038', 'Mohmed Lahmed', 'Abdellahi', '', '0000-00-00', 1, '', '24038@supnum.mr', 3, NULL, NULL, ''),
(61, '24039', 'Saïd', 'Mariem', '', '0000-00-00', 1, '', '24039@supnum.mr', 3, NULL, NULL, ''),
(62, '24040', 'Ahmed El Hady', 'Emata', '', '0000-00-00', 1, '', '24040@supnum.mr', 3, NULL, NULL, ''),
(63, '24041', 'Mohamed Ahmed', 'El Abass', '', '0000-00-00', 1, '', '24041@supnum.mr', 3, NULL, NULL, ''),
(64, '24042', 'El Atigh', 'Mohamed Mahmoud', '', '0000-00-00', 1, '', '24042@supnum.mr', 3, NULL, NULL, ''),
(65, '24043', 'Bâ', 'Abdallahi Abou', '', '0000-00-00', 1, '', '24043@supnum.mr', 3, NULL, NULL, ''),
(66, '24044', 'Mahame Bowba', 'Eboubecrine', '', '0000-00-00', 1, '', '24044@supnum.mr', 3, NULL, NULL, ''),
(67, '24045', 'Mohamedhen', 'Mohamed Elmoustapha', '', '0000-00-00', 1, '', '24045@supnum.mr', 3, NULL, NULL, ''),
(68, '24046', 'Mohamed Saghir', 'El Ghastalani', '', '0000-00-00', 1, '', '24046@supnum.mr', 3, NULL, NULL, ''),
(69, '24047', 'Mohamed Ahid', 'Mohamed Ahid', '', '0000-00-00', 1, '', '24047@supnum.mr', 3, NULL, NULL, ''),
(70, '24048', 'Bou Oubeid', 'Zein El Abidine', '', '0000-00-00', 1, '', '24048@supnum.mr', 3, NULL, NULL, ''),
(71, '24049', 'Cherif Sid El Hadi', 'Cherif', '', '0000-00-00', 1, '', '24049@supnum.mr', 3, NULL, NULL, ''),
(72, '24050', 'Haballa', 'Abdellahi', '', '0000-00-00', 1, '', '24050@supnum.mr', 3, NULL, NULL, ''),
(73, '24051', 'Bowbe Jidou', 'Hamady', '', '0000-00-00', 1, '', '24051@supnum.mr', 3, NULL, NULL, ''),
(74, '24052', 'Taleb Nave', 'Fatimetou', '', '0000-00-00', 1, '', '24052@supnum.mr', 3, NULL, NULL, ''),
(75, '24053', 'Ahmed Taleb', 'Selemha', '', '0000-00-00', 1, '', '24053@supnum.mr', 3, NULL, NULL, ''),
(76, '24054', 'Etheimine', 'Khoueita', '', '0000-00-00', 1, '', '24054@supnum.mr', 3, NULL, NULL, ''),
(77, '24055', 'El Ghastelani', 'Cheikh', '', '0000-00-00', 1, '', '24055@supnum.mr', 3, NULL, NULL, ''),
(78, '24056', 'Sidi El Moctar', 'Abd El Wehab', '', '0000-00-00', 1, '', '24056@supnum.mr', 3, NULL, NULL, ''),
(79, '24057', 'Barikalla', 'Aichetou', '', '0000-00-00', 1, '', '24057@supnum.mr', 3, NULL, NULL, ''),
(80, '24058', 'Amar Kat', 'El Mostapha', '', '0000-00-00', 1, '', '24058@supnum.mr', 3, NULL, NULL, ''),
(81, '24059', 'Boubacar', 'Mohamed Habiboullah', '', '0000-00-00', 1, '', '24059@supnum.mr', 3, NULL, NULL, ''),
(82, '24060', 'Abdallahi Mohamed Sidina Cheikh Ould Ahmed Ma', 'Abdallahi', '', '0000-00-00', 1, '', '24060@supnum.mr', 3, NULL, NULL, ''),
(83, '24061', 'Mohamedvall', 'Elmoumna', '', '0000-00-00', 1, '', '24061@supnum.mr', 3, NULL, NULL, ''),
(84, '24062', 'Abdellah', 'Ahmed Taleb', '', '0000-00-00', 1, '', '24062@supnum.mr', 3, NULL, NULL, ''),
(85, '24063', 'Mohamed El Mamy', 'Mouhameden', '', '0000-00-00', 1, '', '24063@supnum.mr', 3, NULL, NULL, ''),
(86, '24064', 'Boukhary', 'Sidi Mohamed', '', '0000-00-00', 1, '', '24064@supnum.mr', 3, NULL, NULL, ''),
(87, '24065', 'Sidi El Mahboub', 'Fatimetou', '', '0000-00-00', 1, '', '24065@supnum.mr', 3, NULL, NULL, ''),
(88, '24066', 'Abdi', 'Oumar', '', '0000-00-00', 1, '', '24066@supnum.mr', 3, NULL, NULL, ''),
(89, '24067', 'Mahand', 'Fatimetou', '', '0000-00-00', 1, '', '24067@supnum.mr', 3, NULL, NULL, ''),
(90, '24068', 'Ahmed Lebeid', 'Abdy', '', '0000-00-00', 1, '', '24068@supnum.mr', 3, NULL, NULL, ''),
(91, '24069', 'Marrakchi', 'Nanna', '', '0000-00-00', 1, '', '24069@supnum.mr', 3, NULL, NULL, ''),
(92, '24070', 'Sak', 'Mohamed Memoud', '', '0000-00-00', 1, '', '24070@supnum.mr', 3, NULL, NULL, ''),
(93, '24071', 'Khlifa', 'El Heja', '', '0000-00-00', 1, '', '24071@supnum.mr', 3, NULL, NULL, ''),
(94, '24072', 'Ehmeity Vall', 'El Mostafa', '', '0000-00-00', 1, '', '24072@supnum.mr', 3, NULL, NULL, ''),
(95, '24073', 'Khalil Mohamed Salem Dhmine', 'Khalil', '', '0000-00-00', 1, '', '24073@supnum.mr', 3, NULL, NULL, ''),
(96, '24074', 'Boubecar', 'Esmaou', '', '0000-00-00', 1, '', '24074@supnum.mr', 3, NULL, NULL, ''),
(97, '24075', 'Moghder', 'Mariem', '', '0000-00-00', 1, '', '24075@supnum.mr', 3, NULL, NULL, ''),
(98, '24076', 'Achfagha Mir', 'Youssouf', '', '0000-00-00', 1, '', '24076@supnum.mr', 3, NULL, NULL, ''),
(99, '24077', 'Alaatighe', 'Aicha', '', '0000-00-00', 1, '', '24077@supnum.mr', 3, NULL, NULL, ''),
(100, '24078', 'Maoujebha Cheikh Jemal', 'Maoujebha', '', '0000-00-00', 1, '', '24078@supnum.mr', 3, NULL, NULL, ''),
(101, '24079', 'H Mawa', 'Cheikh Ahmed', '', '0000-00-00', 1, '', '24079@supnum.mr', 3, NULL, NULL, ''),
(102, '24080', 'Sidi', 'Ahmed Mehmoud', '', '0000-00-00', 1, '', '24080@supnum.mr', 3, NULL, NULL, ''),
(103, '24081', 'Jedou', 'El Hacen', '', '0000-00-00', 1, '', '24081@supnum.mr', 3, NULL, NULL, ''),
(104, '24082', 'Beyrouk', 'Ahmed Saleck', '', '0000-00-00', 1, '', '24082@supnum.mr', 3, NULL, NULL, ''),
(105, '24083', 'Jiyid', 'Aichetou', '', '0000-00-00', 1, '', '24083@supnum.mr', 3, NULL, NULL, ''),
(106, '24084', 'Khattar', 'Ahmedou', '', '0000-00-00', 1, '', '24084@supnum.mr', 3, NULL, NULL, ''),
(107, '24085', 'Sidi Beya', 'Mohamed', '', '0000-00-00', 1, '', '24085@supnum.mr', 3, NULL, NULL, ''),
(108, '24086', 'Bebeckar', 'Essdigua', '', '0000-00-00', 1, '', '24086@supnum.mr', 3, NULL, NULL, ''),
(109, '24087', 'Khayri', 'Mahfoudh', '', '0000-00-00', 1, '', '24087@supnum.mr', 3, NULL, NULL, ''),
(110, '24088', 'Lemine Ahmed Sow', 'Lemine', '', '0000-00-00', 1, '', '24088@supnum.mr', 3, NULL, NULL, ''),
(111, '24089', 'Ahmed Salem', 'Ahmedou', '', '0000-00-00', 1, '', '24089@supnum.mr', 3, NULL, NULL, ''),
(112, '24090', 'Belkheir', 'Mariem Teslem', '', '0000-00-00', 1, '', '24090@supnum.mr', 3, NULL, NULL, ''),
(113, '24091', 'El Mahbouby', 'Meimouna', '', '0000-00-00', 1, '', '24091@supnum.mr', 3, NULL, NULL, ''),
(114, '24092', 'Moulaye El  Hacen', 'Bouchra', '', '0000-00-00', 1, '', '24092@supnum.mr', 3, NULL, NULL, ''),
(115, '24093', 'El Jily', 'Maryem', '', '0000-00-00', 1, '', '24093@supnum.mr', 3, NULL, NULL, ''),
(116, '24094', 'Mohamed Jiyed', 'Deije', '', '0000-00-00', 1, '', '24094@supnum.mr', 3, NULL, NULL, ''),
(117, '24095', 'Mariem Mohamed Abdellahi Ahmed Salem', 'Mariem', '', '0000-00-00', 1, '', '24095@supnum.mr', 3, NULL, NULL, ''),
(118, '24096', 'El Moubarack', 'El Betou', '', '0000-00-00', 1, '', '24096@supnum.mr', 3, NULL, NULL, ''),
(119, '24097', 'Soueidi', 'Mohamed Mahfoud', '', '0000-00-00', 1, '', '24097@supnum.mr', 3, NULL, NULL, ''),
(120, '24098', 'Ehmayada', 'Cheikh', '', '0000-00-00', 1, '', '24098@supnum.mr', 3, NULL, NULL, ''),
(121, '24099', 'Bebekar', 'Ahmed', '', '0000-00-00', 1, '', '24099@supnum.mr', 3, NULL, NULL, ''),
(122, '24100', 'Jiyid', 'Mareime', '', '0000-00-00', 1, '', '24100@supnum.mr', 3, NULL, NULL, ''),
(123, '24101', 'Sisse', 'Isshaghe', '', '0000-00-00', 1, '', '24101@supnum.mr', 3, NULL, NULL, ''),
(124, '24102', 'Mohamedhen Souvi', 'Abderrahmane', '', '0000-00-00', 1, '', '24102@supnum.mr', 3, NULL, NULL, ''),
(125, '24103', 'Louly', 'Mohamed Babe', '', '0000-00-00', 1, '', '24103@supnum.mr', 3, NULL, NULL, ''),
(126, '24104', 'Hamady', 'Mohamed', '', '0000-00-00', 1, '', '24104@supnum.mr', 3, NULL, NULL, ''),
(127, '24105', 'Abdellahi Bah', 'Abdellahi', '', '0000-00-00', 1, '', '24105@supnum.mr', 3, NULL, NULL, ''),
(128, '24106', 'Ahmed Ethemane', 'El Mokhtar', '', '0000-00-00', 1, '', '24106@supnum.mr', 3, NULL, NULL, ''),
(129, '24107', 'Elhadj Weiss', 'Mohamed', '', '0000-00-00', 1, '', '24107@supnum.mr', 3, NULL, NULL, ''),
(130, '24108', 'Aicha Eby El Hadj Mhamed', 'Aicha', '', '0000-00-00', 1, '', '24108@supnum.mr', 3, NULL, NULL, ''),
(131, '24109', 'Maham', 'Ahmed', '', '0000-00-00', 1, '', '24109@supnum.mr', 3, NULL, NULL, ''),
(132, '24110', 'Moulay El Abass', 'Sid Ahmed', '', '0000-00-00', 1, '', '24110@supnum.mr', 3, NULL, NULL, ''),
(133, '24111', 'Day', 'M Beikiya', '', '0000-00-00', 1, '', '24111@supnum.mr', 3, NULL, NULL, ''),
(134, '24112', 'Mohamed Mohamed Salem Mohamed Najem', 'Mohamed', '', '0000-00-00', 1, '', '24112@supnum.mr', 3, NULL, NULL, ''),
(135, '24113', 'El Heda', 'Mohamed', '', '0000-00-00', 1, '', '24113@supnum.mr', 3, NULL, NULL, ''),
(136, '24114', 'Arava', 'Hamoud', '', '0000-00-00', 1, '', '24114@supnum.mr', 3, NULL, NULL, ''),
(137, '24115', 'El Hacen', 'Oum Kolthoum', '', '0000-00-00', 1, '', '24115@supnum.mr', 3, NULL, NULL, ''),
(138, '24116', 'Taleb Ahmed', 'Oum Kelthoum', '', '0000-00-00', 1, '', '24116@supnum.mr', 3, NULL, NULL, ''),
(139, '24117', 'Tichity', 'Oum Kelthoum', '', '0000-00-00', 1, '', '24117@supnum.mr', 3, NULL, NULL, ''),
(140, '24118', 'Abdel El Ouedoud', 'Mohamed', '', '0000-00-00', 1, '', '24118@supnum.mr', 3, NULL, NULL, ''),
(141, '24119', 'Vall', 'Cheikh Elhadrami', '', '0000-00-00', 1, '', '24119@supnum.mr', 3, NULL, NULL, ''),
(142, '24120', 'Bahane', 'Ahmed Mohamed', '', '0000-00-00', 1, '', '24120@supnum.mr', 3, NULL, NULL, ''),
(143, '24121', 'Limame', 'Sidi El Moctar', '', '0000-00-00', 1, '', '24121@supnum.mr', 3, NULL, NULL, ''),
(144, '24122', 'Habiboullah', 'Smail Eminou', '', '0000-00-00', 1, '', '24122@supnum.mr', 3, NULL, NULL, ''),
(145, '24123', 'H Meti', 'Lalla', '', '0000-00-00', 1, '', '24123@supnum.mr', 3, NULL, NULL, ''),
(146, '24124', 'Sidi', 'Kaber', '', '0000-00-00', 1, '', '24124@supnum.mr', 3, NULL, NULL, ''),
(147, '24125', 'Heiba', 'Zeinabou', '', '0000-00-00', 1, '', '24125@supnum.mr', 3, NULL, NULL, ''),
(148, '24126', 'Mohamed Sidina', 'Oumou Selme', '', '0000-00-00', 1, '', '24126@supnum.mr', 3, NULL, NULL, ''),
(149, '24127', 'Ahmed Henoune', 'Khyarhoum', '', '0000-00-00', 1, '', '24127@supnum.mr', 3, NULL, NULL, ''),
(150, '24128', 'Mohamed Beirouk', 'Ramle', '', '0000-00-00', 1, '', '24128@supnum.mr', 3, NULL, NULL, ''),
(151, '24129', 'Boubacar', 'Sidi Mohamed', '', '0000-00-00', 1, '', '24129@supnum.mr', 3, NULL, NULL, ''),
(152, '24130', 'El Alem', 'Mariem', '', '0000-00-00', 1, '', '24130@supnum.mr', 3, NULL, NULL, ''),
(153, '24131', 'Siyam', 'Oumekelthoum', '', '0000-00-00', 1, '', '24131@supnum.mr', 3, NULL, NULL, ''),
(154, '24132', 'Ebnou  Oumar', 'Mohamed El Havedh', '', '0000-00-00', 1, '', '24132@supnum.mr', 3, NULL, NULL, ''),
(155, '24133', 'El Mokhtar Mohamed', 'Zeinebou', '', '0000-00-00', 1, '', '24133@supnum.mr', 3, NULL, NULL, ''),
(156, '24134', 'Mohamed Essalek', 'Mohamed Lemin', '', '0000-00-00', 1, '', '24134@supnum.mr', 3, NULL, NULL, ''),
(157, '24135', 'Ahmed Salem', 'El Alya', '', '0000-00-00', 1, '', '24135@supnum.mr', 3, NULL, NULL, ''),
(158, '24136', 'Kleilou', 'Ahmed Salem', '', '0000-00-00', 1, '', '24136@supnum.mr', 3, NULL, NULL, ''),
(159, '24137', 'Elemine', 'Acha', '', '0000-00-00', 1, '', '24137@supnum.mr', 3, NULL, NULL, ''),
(160, '24138', 'Cheikh Abdallahi', 'Ahmedou', '', '0000-00-00', 1, '', '24138@supnum.mr', 3, NULL, NULL, ''),
(161, '24139', 'Abdel Vetah', 'Abd Salam', '', '0000-00-00', 1, '', '24139@supnum.mr', 3, NULL, NULL, ''),
(162, '24140', 'Rabia Sid Amar El Bekaye', 'Rabia', '', '0000-00-00', 1, '', '24140@supnum.mr', 3, NULL, NULL, ''),
(163, '24141', 'Hmeida', 'Brahim', '', '0000-00-00', 1, '', '24141@supnum.mr', 3, NULL, NULL, ''),
(164, '24142', 'Bella', 'Aminetou', '', '0000-00-00', 1, '', '24142@supnum.mr', 3, NULL, NULL, ''),
(165, '24143', 'Dehah', 'Mohamed Ahmed', '', '0000-00-00', 1, '', '24143@supnum.mr', 3, NULL, NULL, ''),
(166, '24144', 'Oumar', 'Hbiba', '', '0000-00-00', 1, '', '24144@supnum.mr', 3, NULL, NULL, ''),
(167, '24145', 'Tahre Mohamed El Moustapha', 'Tahre', '', '0000-00-00', 1, '', '24145@supnum.mr', 3, NULL, NULL, ''),
(168, '24146', 'Brahim', 'Zeinebou', '', '0000-00-00', 1, '', '24146@supnum.mr', 3, NULL, NULL, ''),
(169, '24147', 'Ahmed Cherif', 'Tebiba', '', '0000-00-00', 1, '', '24147@supnum.mr', 3, NULL, NULL, ''),
(170, '24148', 'Emed', 'Sid Ahmed', '', '0000-00-00', 1, '', '24148@supnum.mr', 3, NULL, NULL, ''),
(171, '24149', 'Sy', 'Mamadou', '', '0000-00-00', 1, '', '24149@supnum.mr', 3, NULL, NULL, ''),
(172, '24150', 'El Vaida', 'Mama', '', '0000-00-00', 1, '', '24150@supnum.mr', 3, NULL, NULL, ''),
(173, '24151', 'Nanou', 'Aminetou', '', '0000-00-00', 1, '', '24151@supnum.mr', 3, NULL, NULL, ''),
(174, '24152', 'Ebed', 'Mohamed Elmamy', '', '0000-00-00', 1, '', '24152@supnum.mr', 3, NULL, NULL, ''),
(175, '24153', 'Cheikh Ahmed Abi El Maali', 'Mohamed', '', '0000-00-00', 1, '', '24153@supnum.mr', 3, NULL, NULL, ''),
(176, '24154', 'Arguena', 'Taleb', '', '0000-00-00', 1, '', '24154@supnum.mr', 3, NULL, NULL, ''),
(177, '24155', 'Nouhe', 'El Hacen', '', '0000-00-00', 1, '', '24155@supnum.mr', 3, NULL, NULL, ''),
(178, '24156', 'Sidi Ahmed El Ghalawy', 'Sidi', '', '0000-00-00', 1, '', '24156@supnum.mr', 3, NULL, NULL, ''),
(179, '24157', 'Beddou', 'Ahmedou', '', '0000-00-00', 1, '', '24157@supnum.mr', 3, NULL, NULL, ''),
(180, '24158', 'Mohamed Vall', 'Oussama', '', '0000-00-00', 1, '', '24158@supnum.mr', 3, NULL, NULL, ''),
(181, '24159', 'Meslem', 'Touhana', '', '0000-00-00', 1, '', '24159@supnum.mr', 3, NULL, NULL, ''),
(182, '24160', 'Moulaye Ahmed', 'Nezhe', '', '0000-00-00', 1, '', '24160@supnum.mr', 3, NULL, NULL, ''),
(183, '24161', 'El Mamy', 'Saviya', '', '0000-00-00', 1, '', '24161@supnum.mr', 3, NULL, NULL, ''),
(184, '24162', 'Cherghy', 'Hejbou', '', '0000-00-00', 1, '', '24162@supnum.mr', 3, NULL, NULL, ''),
(185, '24163', 'Ely Beyat', 'Chekrouda', '', '0000-00-00', 1, '', '24163@supnum.mr', 3, NULL, NULL, ''),
(186, '24164', 'Brahim', 'Brahim', '', '0000-00-00', 1, '', '24164@supnum.mr', 3, NULL, NULL, ''),
(187, '24165', 'Vall', 'Ahmed', '', '0000-00-00', 1, '', '24165@supnum.mr', 3, NULL, NULL, ''),
(188, '24166', 'Moutaly', 'El Eza', '', '0000-00-00', 1, '', '24166@supnum.mr', 3, NULL, NULL, ''),
(189, '24167', 'Mohamed Babou', 'Mohamed Lemine', '', '0000-00-00', 1, '', '24167@supnum.mr', 3, NULL, NULL, ''),
(190, '24168', 'Sellahi', 'Vatimetou', '', '0000-00-00', 1, '', '24168@supnum.mr', 3, NULL, NULL, ''),
(191, '24169', 'Haiballa', 'Fatimetou', '', '0000-00-00', 1, '', '24169@supnum.mr', 3, NULL, NULL, ''),
(192, '24170', 'Awbeck', 'Mohameden', '', '0000-00-00', 1, '', '24170@supnum.mr', 3, NULL, NULL, ''),
(193, '24171', 'Khlifa', 'Nana', '', '0000-00-00', 1, '', '24171@supnum.mr', 3, NULL, NULL, ''),
(194, '24172', 'Zein', 'Meimouna', '', '0000-00-00', 1, '', '24172@supnum.mr', 3, NULL, NULL, ''),
(195, '24173', 'Egdala', 'Brahim', '', '0000-00-00', 1, '', '24173@supnum.mr', 3, NULL, NULL, ''),
(196, '24174', 'Abeid', 'Aissata', '', '0000-00-00', 1, '', '24174@supnum.mr', 3, NULL, NULL, ''),
(197, '24175', 'El Aghel', 'Fatimetou Zahra', '', '0000-00-00', 1, '', '24175@supnum.mr', 3, NULL, NULL, ''),
(198, '24176', 'Limam', 'Hindou', '', '0000-00-00', 1, '', '24176@supnum.mr', 3, NULL, NULL, ''),
(199, '24177', 'Ahmed Hourma', 'Samiya', '', '0000-00-00', 1, '', '24177@supnum.mr', 3, NULL, NULL, ''),
(200, '24178', 'El Ghalawi', 'Brahim', '', '0000-00-00', 1, '', '24178@supnum.mr', 3, NULL, NULL, ''),
(201, '24179', 'El Hacen', 'Hamd', '', '0000-00-00', 1, '', '24179@supnum.mr', 3, NULL, NULL, ''),
(202, '24180', 'Ebbe', 'Mohameden', '', '0000-00-00', 1, '', '24180@supnum.mr', 3, NULL, NULL, ''),
(203, '24181', 'El Haj Hamdinou Ebou', 'El Haj', '', '0000-00-00', 1, '', '24181@supnum.mr', 3, NULL, NULL, ''),
(204, '24182', 'Taleb Beye', 'Khadijetou', '', '0000-00-00', 1, '', '24182@supnum.mr', 3, NULL, NULL, ''),
(205, '24183', 'Abdellahi Oumar', 'Mohamed Abdellahi', '', '0000-00-00', 1, '', '24183@supnum.mr', 3, NULL, NULL, ''),
(206, '24184', 'Dede', 'Saad', '', '0000-00-00', 1, '', '24184@supnum.mr', 3, NULL, NULL, ''),
(207, '24185', 'Salem', 'Hamze', '', '0000-00-00', 1, '', '24185@supnum.mr', 3, NULL, NULL, ''),
(208, '24186', 'El Hacen', 'Zahra', '', '0000-00-00', 1, '', '24186@supnum.mr', 3, NULL, NULL, ''),
(209, '24187', 'Boubacar', 'Amal', '', '0000-00-00', 1, '', '24187@supnum.mr', 3, NULL, NULL, ''),
(210, '24188', 'Labeid', 'Fatma', '', '0000-00-00', 1, '', '24188@supnum.mr', 3, NULL, NULL, ''),
(211, '24189', 'Eyahi', 'Mame', '', '0000-00-00', 1, '', '24189@supnum.mr', 3, NULL, NULL, ''),
(212, '24190', 'Baba', 'Hajetani', '', '0000-00-00', 1, '', '24190@supnum.mr', 3, NULL, NULL, ''),
(213, '24191', 'Hemeinna', 'Mohameden', '', '0000-00-00', 1, '', '24191@supnum.mr', 3, NULL, NULL, ''),
(214, '24192', 'Moctar Lahi', 'Aicha', '', '0000-00-00', 1, '', '24192@supnum.mr', 3, NULL, NULL, ''),
(215, '24193', 'Amar', 'Fatimetou', '', '0000-00-00', 1, '', '24193@supnum.mr', 3, NULL, NULL, ''),
(216, '24194', 'Boubacar', 'Sidi', '', '0000-00-00', 1, '', '24194@supnum.mr', 3, NULL, NULL, ''),
(217, '24195', 'Magham', 'Thoureya', '', '0000-00-00', 1, '', '24195@supnum.mr', 3, NULL, NULL, ''),
(218, '24196', 'Mohamed Najem', 'Cheikh Oumar', '', '0000-00-00', 1, '', '24196@supnum.mr', 3, NULL, NULL, ''),
(219, '24197', 'Ebba', 'Meimouna', '', '0000-00-00', 1, '', '24197@supnum.mr', 3, NULL, NULL, ''),
(220, '24198', 'Kemal', 'Fatimetou El Ghalya', '', '0000-00-00', 1, '', '24198@supnum.mr', 3, NULL, NULL, ''),
(221, '24199', 'Salem', 'Mohameden', '', '0000-00-00', 1, '', '24199@supnum.mr', 3, NULL, NULL, ''),
(222, '24200', 'Sidina', 'Abderrahmane', '', '0000-00-00', 1, '', '24200@supnum.mr', 3, NULL, NULL, ''),
(223, '24201', 'Babah', 'Khaouletou', '', '0000-00-00', 1, '', '24201@supnum.mr', 3, NULL, NULL, ''),
(224, '24202', 'Sid Taher Mohamed Oumar Amar Tichit', 'Sid Taher', '', '0000-00-00', 1, '', '24202@supnum.mr', 3, NULL, NULL, ''),
(225, '24203', 'Said', 'Vatimetou Zahra', '', '0000-00-00', 1, '', '24203@supnum.mr', 3, NULL, NULL, ''),
(226, '24204', 'Eshagh', 'Mina', '', '0000-00-00', 1, '', '24204@supnum.mr', 3, NULL, NULL, ''),
(227, '24205', 'Bah', 'Vatimetou', '', '0000-00-00', 1, '', '24205@supnum.mr', 3, NULL, NULL, ''),
(228, '24206', 'Zeinebou Sidi Maouloud Diakiri', 'Zeinebou', '', '0000-00-00', 1, '', '24206@supnum.mr', 3, NULL, NULL, ''),
(229, '24207', 'Didi', 'Ahmed', '', '0000-00-00', 1, '', '24207@supnum.mr', 3, NULL, NULL, ''),
(230, '24208', 'Meilid', 'Oum Elkheyri', '', '0000-00-00', 1, '', '24208@supnum.mr', 3, NULL, NULL, ''),
(231, '24209', 'Ely', 'Mohamed Lemine', '', '0000-00-00', 1, '', '24209@supnum.mr', 3, NULL, NULL, ''),
(232, '24210', 'Teyib', 'Oum Kelthoum', '', '0000-00-00', 1, '', '24210@supnum.mr', 3, NULL, NULL, ''),
(233, '24211', 'Maham', 'Fatma', '', '0000-00-00', 1, '', '24211@supnum.mr', 3, NULL, NULL, ''),
(234, '24212', 'Sidi Mahmoud', 'Saad Bouh', '', '0000-00-00', 1, '', '24212@supnum.mr', 3, NULL, NULL, ''),
(235, '24213', 'Ahmed Beddat', 'Aichetou', '', '0000-00-00', 1, '', '24213@supnum.mr', 3, NULL, NULL, ''),
(236, '24214', 'Ahmed Aiche', 'Dein', '', '0000-00-00', 1, '', '24214@supnum.mr', 3, NULL, NULL, ''),
(237, '24215', 'Haida', 'Taleb  Ejwed', '', '0000-00-00', 1, '', '24215@supnum.mr', 3, NULL, NULL, ''),
(238, '24216', 'Cheikh Ahmed', 'Oumama', '', '0000-00-00', 1, '', '24216@supnum.mr', 3, NULL, NULL, ''),
(239, '24217', 'Sow', 'Al Housseynou', '', '0000-00-00', 1, '', '24217@supnum.mr', 3, NULL, NULL, ''),
(240, '24218', 'Sidi', 'Fatimetou', '', '0000-00-00', 1, '', '24218@supnum.mr', 3, NULL, NULL, ''),
(241, '24219', 'Cherif M Hamed', 'Saviya', '', '0000-00-00', 1, '', '24219@supnum.mr', 3, NULL, NULL, ''),
(242, '24220', 'Mahmoudi', 'Abdallahi', '', '0000-00-00', 1, '', '24220@supnum.mr', 3, NULL, NULL, ''),
(243, '24221', 'Bouh', 'Mohamed Aly', '', '0000-00-00', 1, '', '24221@supnum.mr', 3, NULL, NULL, ''),
(244, '24222', 'El Khallatt', 'Mariam', '', '0000-00-00', 1, '', '24222@supnum.mr', 3, NULL, NULL, ''),
(245, '24223', 'Minih', 'Mariem', '', '0000-00-00', 1, '', '24223@supnum.mr', 3, NULL, NULL, ''),
(246, '24224', 'Ismail', 'Ahmed', '', '0000-00-00', 1, '', '24224@supnum.mr', 3, NULL, NULL, ''),
(247, '24225', 'Ismail', 'Sidi Abdallah', '', '0000-00-00', 1, '', '24225@supnum.mr', 3, NULL, NULL, ''),
(248, '24226', 'Abbeyly', 'Taghle', '', '0000-00-00', 1, '', '24226@supnum.mr', 3, NULL, NULL, ''),
(249, '24227', 'Moctar Neche', 'Mouhidin', '', '0000-00-00', 1, '', '24227@supnum.mr', 3, NULL, NULL, ''),
(250, '24228', 'Mohamed Sidiya', 'Abderrahim', '', '0000-00-00', 1, '', '24228@supnum.mr', 3, NULL, NULL, ''),
(251, '24229', 'Cheikh El Moctar', 'Khadijetou', '', '0000-00-00', 1, '', '24229@supnum.mr', 3, NULL, NULL, ''),
(252, '24230', 'Cheikh Mohamed Ahmed', 'Mohamed Abdel Hamid', '', '0000-00-00', 1, '', '24230@supnum.mr', 3, NULL, NULL, ''),
(253, '24231', 'M Bareck', 'Brahim', '', '0000-00-00', 1, '', '24231@supnum.mr', 3, NULL, NULL, ''),
(254, '24232', 'Dehah', 'Ahmed', '', '0000-00-00', 1, '', '24232@supnum.mr', 3, NULL, NULL, ''),
(255, '24233', 'El Moustapha', 'Mohamed El Hadrami', '', '0000-00-00', 1, '', '24233@supnum.mr', 3, NULL, NULL, ''),
(256, '24234', 'Taleb Mohamed', 'Sidi Mohamed', '', '0000-00-00', 1, '', '24234@supnum.mr', 3, NULL, NULL, ''),
(257, '24235', 'Abdi', 'Mama', '', '0000-00-00', 1, '', '24235@supnum.mr', 3, NULL, NULL, ''),
(258, '24236', 'Mohamed', 'Khatry', '', '0000-00-00', 1, '', '24236@supnum.mr', 3, NULL, NULL, ''),
(259, '24237', 'Sidi Mohamed', 'Fatimetou', '', '0000-00-00', 1, '', '24237@supnum.mr', 3, NULL, NULL, ''),
(260, '24238', 'Oumeiry', 'El Hassen', '', '0000-00-00', 1, '', '24238@supnum.mr', 3, NULL, NULL, ''),
(261, '24239', 'Hame Vezaz', 'Mohamed El Moustapha', '', '0000-00-00', 1, '', '24239@supnum.mr', 3, NULL, NULL, ''),
(262, '24240', 'Teyib', 'Fatimetou', '', '0000-00-00', 1, '', '24240@supnum.mr', 3, NULL, NULL, ''),
(263, '24241', 'Abeidellah', 'Elghassem', '', '0000-00-00', 1, '', '24241@supnum.mr', 3, NULL, NULL, ''),
(264, '24242', 'Ahmed Mahmoud', 'Vatimetou', '', '0000-00-00', 1, '', '24242@supnum.mr', 3, NULL, NULL, ''),
(265, '24243', 'Weddad', 'Hamza', '', '0000-00-00', 1, '', '24243@supnum.mr', 3, NULL, NULL, ''),
(266, '24244', 'Souvy', 'Fatimetou', '', '0000-00-00', 1, '', '24244@supnum.mr', 3, NULL, NULL, ''),
(267, '24245', 'Memed', 'Naji', '', '0000-00-00', 1, '', '24245@supnum.mr', 3, NULL, NULL, ''),
(268, '24246', 'Beyad', 'Ahmed', '', '0000-00-00', 1, '', '24246@supnum.mr', 3, NULL, NULL, ''),
(269, '24247', 'Amar', 'Mohamed Salem', '', '0000-00-00', 1, '', '24247@supnum.mr', 3, NULL, NULL, ''),
(270, '24248', 'Cheikh El Moustaph', 'Mana', '', '0000-00-00', 1, '', '24248@supnum.mr', 3, NULL, NULL, ''),
(271, '24249', 'Ahmed', 'Mohamed Mahmoud', '', '0000-00-00', 1, '', '24249@supnum.mr', 3, NULL, NULL, ''),
(272, '24250', 'Cheikh Sidiya', 'Mariem', '', '0000-00-00', 1, '', '24250@supnum.mr', 3, NULL, NULL, ''),
(273, '24251', 'Ely Mahmoud', 'Sidi Mohamed', '', '0000-00-00', 1, '', '24251@supnum.mr', 3, NULL, NULL, ''),
(274, '24252', 'Abderrahmane', 'Zayid', '', '0000-00-00', 1, '', '24252@supnum.mr', 3, NULL, NULL, ''),
(275, '24253', 'Mohamedou', 'Oum Kelthoum', '', '0000-00-00', 1, '', '24253@supnum.mr', 3, NULL, NULL, ''),
(276, '24254', 'Sidi Abdoullah', 'Sidi Abdoullah', '', '0000-00-00', 1, '', '24254@supnum.mr', 3, NULL, NULL, ''),
(277, '24255', 'El Bechir', 'Mariem', '', '0000-00-00', 1, '', '24255@supnum.mr', 3, NULL, NULL, ''),
(278, '24256', 'Mohamed jidou', 'Khadijetou', '', '0000-00-00', 1, '', '24256@supnum.mr', 3, NULL, NULL, ''),
(279, '24257', 'Inejih', 'Valy', '', '0000-00-00', 1, '', '24257@supnum.mr', 3, NULL, NULL, ''),
(280, '24258', 'Gueimar', 'Sid  Ahmed', '', '0000-00-00', 1, '', '24258@supnum.mr', 3, NULL, NULL, ''),
(281, '24259', 'El Maghery', 'Ammar', '', '0000-00-00', 1, '', '24259@supnum.mr', 3, NULL, NULL, ''),
(282, '24260', 'Veten', 'Naha', '', '0000-00-00', 1, '', '24260@supnum.mr', 3, NULL, NULL, ''),
(283, '24261', 'Jedou', 'Taleb Amar', '', '0000-00-00', 1, '', '24261@supnum.mr', 3, NULL, NULL, ''),
(284, '24262', 'Mohamed  Aba', 'Ahmed', '', '0000-00-00', 1, '', '24262@supnum.mr', 3, NULL, NULL, ''),
(285, '24263', 'Eydde', 'Vatimetou', '', '0000-00-00', 1, '', '24263@supnum.mr', 3, NULL, NULL, ''),
(286, '24268', 'Kebd', 'Mariem', '', '0000-00-00', 1, '', '24268@supnum.mr', 3, NULL, NULL, ''),
(287, '24269', 'Salem', 'Essalma', '', '0000-00-00', 1, '', '24269@supnum.mr', 3, NULL, NULL, ''),
(288, '24270', 'Cheikh Mailainine', 'Mariem', '', '0000-00-00', 1, '', '24270@supnum.mr', 3, NULL, NULL, ''),
(289, '24271', 'El Arbi', 'Zahra', '', '0000-00-00', 1, '', '24271@supnum.mr', 3, NULL, NULL, '');


-- --------------------------------------------------------
-- --------------------------------------------------------


INSERT INTO `enseignant` (`id_ens`, `nom`, `prenom`, `Date_naiss`, `lieu_naiss`, `email`, `num_tel`, `num_whatsapp`, `diplome`, `grade`, `id_role`) VALUES
(34, 'Moctar', 'Abderrahmane Sidi El', '0000-00-00', 'NKTT', 'abderrahmane.sidi-elmoctar@supnum.mr', 22420813, 22420813, 'Prof', 'Prof', 2),
(35, 'Cheikhna', 'Aboubecrine', '0000-00-00', 'NKTT', 'aboubacrine.cheikhna@supnum.mr', 22420813, 22420813, 'Prof', 'Prof', 2),
(36, 'Aboubecrine', 'Aicha', '0000-00-00', 'NKTT', 'aicha.aboubecrine@supnum.mr', 22420813, 22420813, 'Prof', 'Prof', 2),
(37, 'Mohamedou', 'Debagh', '0000-00-00', 'NKTT', 'mohamedou.debagh@supnum.mr', 22420813, 22420813, 'Prof', 'Prof', 2),
(38, 'Sow', 'Ahmed Adama', '0000-00-00', 'NKTT', 'sow.ahmed.adama@supnum.mr', 22420813, 22420813, 'Prof', 'Prof', 2),
(39, 'Elhadj', 'El Hacen', '0000-00-00', 'NKTT', 'elhacen.elhadj@supnum.m', 22420813, 22420813, 'Prof', 'Prof', 2),
(40, 'Babou', 'Hafeth M. Mohamed', '0000-00-00', 'NKTT', 'hafedh.mohamed-babou@supnum.mr', 22420813, 22420813, 'Prof', 'Prof', 2),
(41, 'Rabeh Hammady', ' Ahmed Dine', '0000-00-00', 'NKTT', 'hammady.rabeh@supnum.mr', 22420813, 22420813, 'Prof', 'Prof', 2),
(42, 'Guerea Mohamed', 'Cheikh Nagi', '0000-00-00', 'NKTT', 'mcheikh.guerea@supnum.mr', 22420813, 22420813, 'Prof', 'Prof', 2),
(43, 'Aly ', 'Nagi', '0000-00-00', 'NKTT', 'nagi.taleb-aly@supnum.mr', 22420813, 22420813, 'Prof', 'Prof', 2),
(44, 'Bellal Abada', 'Mariem ', '0000-00-00', 'NKTT', 'mariem.bellal@supnum.mr', 22420813, 22420813, 'Prof', 'Prof', 2),
(45, 'Biha', 'Sidi Mohamed Lemine', '0000-00-00', 'NKTT', 'sidi.biha@supnum.mr', 22420813, 22420813, 'Prof', 'Prof', 2),
(46, 'Soufi', 'Brahim Med Nouh Cheikh', '0000-00-00', 'NKTT', 'brahim.cheikh-soufi@supnum.mr', 22420813, 22420813, 'Prof', 'Prof', 2),
(47, 'Cheikh', 'Abdellahi Ahmed', '0000-00-00', 'NKTT', 'abdellahi.cheikh@supnum.mr', 22420813, 22420813, 'Prof', 'Prof', 2),
(48, 'khourou', 'El Moustapha Saleck', '0000-00-00', 'NKTT', 'el-moustapha.ekhourou@supnum.mr', 22420813, 22420813, 'Prof', 'Prof', 2),
(49, 'Sidaty', 'Sidaty Mohamedou', '0000-00-00', 'NKTT', 'sidaty.mohamedou@supnum.mr', 22420813, 22420813, 'Prof', 'Prof', 2),
(50, 'ElAoun', 'Moustapha Sidi', '0000-00-00', 'NKTT', 'moustapha.elaoun@supnum.mr', 22420813, 22420813, 'Prof', 'Prof', 2),
(51, 'Soumare', 'Abdallahi Moussa', '0000-00-00', 'NKTT', 'abdellahi.soumare@supnum.mr', 22420813, 22420813, 'Prof', 'Prof', 2),
(52, 'Bakar', 'Ahmed Ahmed', '0000-00-00', 'NKTT', 'ahmed.bakar@supnum.mr', 22420813, 22420813, 'Prof', 'Prof', 2),
(53, 'Abdallahi', 'Mariem Mohamed', '0000-00-00', 'NKTT', 'mariem.abdallahi@supnum.mr', 22420813, 22420813, 'Prof', 'Prof', 2),
(54, 'Louly', 'Mohamed Aly', '0000-00-00', 'NKTT', 'ma.louly@supnum.mr', 22420813, 22420813, 'Prof', 'Prof', 2),
(55, 'Baba', 'Elyekheir Mint Yahya', '0000-00-00', 'NKTT', 'eluekheir-yahaya.baba@supnum.mr', 22420813, 22420813, 'Prof', 'Prof', 2),
(56, 'ElHassen', 'Aichetou', '0000-00-00', 'NKTT', 'aichetou.el-hassen@supnum.mr', 22420813, 22420813, 'Prof', 'Prof', 2),
(57, 'Khiar', 'Bouha Neama Cheikh Taleb', '0000-00-00', 'NKTT', 'bouha.ch-ta-khiar@supnum.mr', 22420813, 22420813, 'Prof', 'Prof', 2),
(58, 'Abdy', 'Sidi Mohamed', '0000-00-00', 'NKTT', 'sidimohamed.abdy@supnum.mr', 22420813, 22420813, 'Prof', 'Prof', 2),
(59, 'Lam', 'Mamadou', '0000-00-00', 'NKTT', 'mamadou.lam@supnum.mr', 22420813, 22420813, 'Prof', 'Prof', 2),
(60, 'Abdellahi', 'Hama Cheikh', '0000-00-00', 'NKTT', 'hama.abdellahi@supnum.mr', 22420813, 22420813, 'Prof', 'Prof', 2),
(61, 'Selam', 'Varha Abd', '0000-00-00', 'NKTT', 'varha.abdselam@supnum.mr', 22420813, 22420813, 'Prof', 'Prof', 2),
(62, 'Mohamed', 'Saghir', '0000-00-00', 'NKTT', 'saghir.mohamed@supnum.mr', 22420813, 22420813, 'Prof', 'Prof', 2),
(63, 'Maouloud', 'Mouhamed Sidi Mouhamed', '0000-00-00', 'NKTT', 'msidi.maouloud@supnum.mr', 22420813, 22420813, 'Prof', 'Prof', 2),
(64, 'vall', 'Moctar Med', '0000-00-00', 'NKTT', 'moctar.ahmedval@supnum.mr', 22420813, 22420813, 'Prof', 'Prof', 2),
(65, 'Sejad', 'Ahmed', '0000-00-00', 'NKTT', 'ahmed.sejad@supnum.mr', 22420813, 22420813, 'Prof', 'Prof', 2),
(66, 'Ahmed Sidi', 'Mohamed Lamine', '1984-09-02', 'nktt', 'm-lamine.ahmed-sidi@supnum.mr', NULL, NULL, 'master', 'maître assistant', 2),
(1, 'Cheikh', 'Dhib', '1983-01-22', 'nktt', 'cheikh.dhib@supnum.mr', NULL, NULL, 'doctor', 'directeur', 2),
(2, 'Moussa', 'Demba', '1989-10-12', 'nkt', 'moussa.ba@supnum.mr', NULL, NULL, 'doctor', 'directeur adjoint', 2),
(3, 'Meya', 'Haroune', '1993-06-22', 'nktt', 'meya.haroune@supnum.mr', NULL, NULL, 'doctor', 'prof', 2),
(4, 'Sidi Mohamed', 'Ahmed', '1995-10-27', 'Rosso', 'sidimohamed.ahmed@supnum.mr', NULL, NULL, 'doctor', 'maître assistant', 2),
(7, 'sidi', 'soueina', '1983-01-22', 'nktt', 'sidi.soueina@supnum.mr', NULL, NULL, 'doctor', 'prof', 2),
(80, 'Mamadou', 'Diallo', '1984-09-02', 'nktt', 'mamadou.diallo@supnum.mr', NULL, NULL, 'master', 'maître assistant', 2),
(81, 'ElMamy ', 'Sidi Boubacar', NULL, NULL, NULL, NULL, NULL, NULL, NULL, 2),
(82, 'Fatimetou ', ' Abdou ', NULL, NULL, NULL, NULL, NULL, NULL, NULL, 2),
(83, 'Rifaa ', '  Sadegh ', NULL, NULL, NULL, NULL, NULL, NULL, NULL, 2),
(84, 'EL Hacen', 'Elhadj ', NULL, NULL, NULL, NULL, NULL, NULL, NULL, 2);


-- --------------------------------------------------------
-- --------------------------------------------------------

INSERT INTO `enseigner` (`id_matiere`, `id_ens`, `id_groupe`, `id_type_matiere`) VALUES
(13, 39, 2, 2),
(13, 40, 1, 1),
(13, 38, 1, 3),
(17, 36, 2, 4),
(17, 2, 1, 2),
(17, 2, 2, 1),
(17, 2, 1, 1),
(18, 3, 2, 13),
(13, 44, 1, 2),
(23, 36, 2, 1),
(23, 36, 2, 4),
(23, 35, 2, 5),
(23, 43, 1, 1),
(23, 36, 2, 5),
(23, 43, 1, 2),
(23, 43, 1, 3),
(23, 2, 3, 1),
(23, 2, 3, 6),
(18, 1, 1, 1),
(18, 3, 2, 1),
(18, 3, 3, 1),
(18, 60, 1, 9),
(17, 43, 2, 5),
(17, 2, 1, 10),
(17, 35, 2, 13),
(17, 43, 2, 15),
(21, 7, 1, 1),
(21, 7, 1, 8),
(21, 7, 2, 1),
(21, 7, 2, 8),
(21, 7, 3, 1),
(13, 39, 2, 2),
(13, 40, 1, 1),
(13, 38, 1, 3),
(17, 36, 2, 4),
(17, 2, 1, 2),
(17, 2, 2, 1),
(17, 2, 1, 1),
(18, 3, 2, 13),
(13, 44, 1, 2),
(23, 36, 2, 1),
(23, 36, 2, 4),
(23, 35, 2, 5),
(23, 43, 1, 1),
(23, 36, 2, 5),
(23, 43, 1, 2),
(23, 43, 1, 3),
(23, 2, 3, 1),
(23, 2, 3, 6),
(18, 1, 1, 1),
(18, 3, 2, 1),
(18, 3, 3, 1),
(18, 60, 1, 9),
(17, 43, 2, 5),
(17, 2, 1, 10),
(17, 35, 2, 13),
(17, 43, 2, 15),
(21, 7, 1, 1),
(21, 7, 1, 8),
(21, 7, 2, 1),
(21, 7, 2, 8),
(21, 7, 3, 1),
(21, 7, 3, 8),
(20, 36, 1, 2),
(20, 43, 2, 2),
(20, 36, 1, 3),
(20, 43, 2, 3),
(20, 36, 1, 1),
(20, 43, 2, 1),
(20, 66, 3, 1),
(20, 66, 3, 2),
(20, 66, 3, 3),
(21, 7, 3, 8),
(13, 81, 1, 9),
(13, 80, 1, 3),
(13, 4, 2, 1),
(17, 39, 1, 9),
(17, 39, 3, 6),
(17, 39, 1, 11),
(17, 39, 3, 14),
(18, 47, 1, 3),
(18, 47, 1, 10),
(18, 39, 1, 11),
(18, 47, 2, 17),
(19, 58, 1, 1),
(17, 3, 1, 1),
(23, 3, 1, 1),
(22, 3, 1, 1),
(13, 3, 1, 1);

-- --------------------------------------------------------
-- --------------------------------------------------------


INSERT INTO `inscription` ( `id_etud`, `id_matiere`, `id_semestre`) VALUES
(1 ,13 , 1),
(1 ,14 , 1),
(1 ,15 , 1),
(1 ,16 , 1),
(1 ,17 , 1),
(1 ,18 , 1),
(1 ,19 , 1),
(1 ,20 , 1),
(1 ,21 , 1),
(1 ,22 , 1),
(1 ,23 , 1),
(2 ,13 , 1),
(2 ,14 , 1),
(2 ,15 , 1),
(2 ,16 , 1),
(2 ,17 , 1),
(2 ,18 , 1),
(2 ,19 , 1),
(2 ,20 , 1),
(2 ,21 , 1),
(2 ,22 , 1),
(2 ,23 , 1),
(3 ,13 , 1),
(3 ,14 , 1),
(3 ,15 , 1),
(3 ,16 , 1),
(3 ,17 , 1),
(3 ,18 , 1),
(3 ,19 , 1),
(3 ,20 , 1),
(3 ,21 , 1),
(3 ,22 , 1),
(3 ,23 , 1),
(4 ,13 , 1),
(4 ,14 , 1),
(4 ,15 , 1),
(4 ,16 , 1),
(4 ,17 , 1),
(4 ,18 , 1),
(4 ,19 , 1),
(4 ,20 , 1),
(4 ,21 , 1),
(4 ,22 , 1),
(4 ,23 , 1),
(5 ,13 , 1),
(5 ,14 , 1),
(5 ,15 , 1),
(5 ,16 , 1),
(5 ,17 , 1),
(5 ,18 , 1),
(5 ,19 , 1),
(5 ,20 , 1),
(5 ,21 , 1),
(5 ,22 , 1),
(5 ,23 , 1),
(6 ,13 , 1),
(6 ,14 , 1),
(6 ,15 , 1),
(6 ,16 , 1),
(6 ,17 , 1),
(6 ,18 , 1),
(6 ,19 , 1),
(6 ,20 , 1),
(6 ,21 , 1),
(6 ,22 , 1),
(6 ,23 , 1),
(7 ,13 , 1),
(7 ,14 , 1),
(7 ,15 , 1),
(7 ,16 , 1),
(7 ,17 , 1),
(7 ,18 , 1),
(7 ,19 , 1),
(7 ,20 , 1),
(7 ,21 , 1),
(7 ,22 , 1),
(7 ,23 , 1),
(8 ,13 , 1),
(8 ,14 , 1),
(8 ,15 , 1),
(8 ,16 , 1),
(8 ,17 , 1),
(8 ,18 , 1),
(8 ,19 , 1),
(8 ,20 , 1),
(8 ,21 , 1),
(8 ,22 , 1),
(8 ,23 , 1),
(9 ,13 , 1),
(9 ,14 , 1),
(9 ,15 , 1),
(9 ,16 , 1),
(9 ,17 , 1),
(9 ,18 , 1),
(9 ,19 , 1),
(9 ,20 , 1),
(9 ,21 , 1),
(9 ,22 , 1),
(9 ,23 , 1),
(10 ,13 , 1),
(10 ,14 , 1),
(10 ,15 , 1),
(10 ,16 , 1),
(10 ,17 , 1),
(10 ,18 , 1),
(10 ,19 , 1),
(10 ,20 , 1),
(10 ,21 , 1),
(10 ,22 , 1),
(10 ,23 , 1),
(11 ,13 , 1),
(11 ,14 , 1),
(11 ,15 , 1),
(11 ,16 , 1),
(11 ,17 , 1),
(11 ,18 , 1),
(11 ,19 , 1),
(11 ,20 , 1),
(11 ,21 , 1),
(11 ,22 , 1),
(11 ,23 , 1),
(12 ,13 , 1),
(12 ,14 , 1),
(12 ,15 , 1),
(12 ,16 , 1),
(12 ,17 , 1),
(12 ,18 , 1),
(12 ,19 , 1),
(12 ,20 , 1),
(12 ,21 , 1),
(12 ,22 , 1),
(12 ,23 , 1),
(13 ,13 , 1),
(13 ,14 , 1),
(13 ,15 , 1),
(13 ,16 , 1),
(13 ,17 , 1),
(13 ,18 , 1),
(13 ,19 , 1),
(13 ,20 , 1),
(13 ,21 , 1),
(13 ,22 , 1),
(13 ,23 , 1),
(14 ,13 , 1),
(14 ,14 , 1),
(14 ,15 , 1),
(14 ,16 , 1),
(14 ,17 , 1),
(14 ,18 , 1),
(14 ,19 , 1),
(14 ,20 , 1),
(14 ,21 , 1),
(14 ,22 , 1),
(14 ,23 , 1),
(15 ,13 , 1),
(15 ,14 , 1),
(15 ,15 , 1),
(15 ,16 , 1),
(15 ,17 , 1),
(15 ,18 , 1),
(15 ,19 , 1),
(15 ,20 , 1),
(15 ,21 , 1),
(15 ,22 , 1),
(15 ,23 , 1),
(16 ,13 , 1),
(16 ,14 , 1),
(16 ,15 , 1),
(16 ,16 , 1),
(16 ,17 , 1),
(16 ,18 , 1),
(16 ,19 , 1),
(16 ,20 , 1),
(16 ,21 , 1),
(16 ,22 , 1),
(16 ,23 , 1),
(17 ,13 , 1),
(17 ,14 , 1),
(17 ,15 , 1),
(17 ,16 , 1),
(17 ,17 , 1),
(17 ,18 , 1),
(17 ,19 , 1),
(17 ,20 , 1),
(17 ,21 , 1),
(17 ,22 , 1),
(17 ,23 , 1),
(18 ,13 , 1),
(18 ,14 , 1),
(18 ,15 , 1),
(18 ,16 , 1),
(18 ,17 , 1),
(18 ,18 , 1),
(18 ,19 , 1),
(18 ,20 , 1),
(18 ,21 , 1),
(18 ,22 , 1),
(18 ,23 , 1),
(19 ,13 , 1),
(19 ,14 , 1),
(19 ,15 , 1),
(19 ,16 , 1),
(19 ,17 , 1),
(19 ,18 , 1),
(19 ,19 , 1),
(19 ,20 , 1),
(19 ,21 , 1),
(19 ,22 , 1),
(19 ,23 , 1),
(20 ,13 , 1),
(20 ,14 , 1),
(20 ,15 , 1),
(20 ,16 , 1),
(20 ,17 , 1),
(20 ,18 , 1),
(20 ,19 , 1),
(20 ,20 , 1),
(20 ,21 , 1),
(20 ,22 , 1),
(20 ,23 , 1),
(21 ,13 , 1),
(21 ,14 , 1),
(21 ,15 , 1),
(21 ,16 , 1),
(21 ,17 , 1),
(21 ,18 , 1),
(21 ,19 , 1),
(21 ,20 , 1),
(21 ,21 , 1),
(21 ,22 , 1),
(21 ,23 , 1),
(22 ,13 , 1),
(22 ,14 , 1),
(22 ,15 , 1),
(22 ,16 , 1),
(22 ,17 , 1),
(22 ,18 , 1),
(22 ,19 , 1),
(22 ,20 , 1),
(22 ,21 , 1),
(22 ,22 , 1),
(22 ,23 , 1),
(23 ,13 , 1),
(23 ,14 , 1),
(23 ,15 , 1),
(23 ,16 , 1),
(23 ,17 , 1),
(23 ,18 , 1),
(23 ,19 , 1),
(23 ,20 , 1),
(23 ,21 , 1),
(23 ,22 , 1),
(23 ,23 , 1),
(24 ,13 , 1),
(24 ,14 , 1),
(24 ,15 , 1),
(24 ,16 , 1),
(24 ,17 , 1),
(24 ,18 , 1),
(24 ,19 , 1),
(24 ,20 , 1),
(24 ,21 , 1),
(24 ,22 , 1),
(24 ,23 , 1),
(25 ,13 , 1),
(25 ,14 , 1),
(25 ,15 , 1),
(25 ,16 , 1),
(25 ,17 , 1),
(25 ,18 , 1),
(25 ,19 , 1),
(25 ,20 , 1),
(25 ,21 , 1),
(25 ,22 , 1),
(25 ,23 , 1),
(26 ,13 , 1),
(26 ,14 , 1),
(26 ,15 , 1),
(26 ,16 , 1),
(26 ,17 , 1),
(26 ,18 , 1),
(26 ,19 , 1),
(26 ,20 , 1),
(26 ,21 , 1),
(26 ,22 , 1),
(26 ,23 , 1),
(27 ,13 , 1),
(27 ,14 , 1),
(27 ,15 , 1),
(27 ,16 , 1),
(27 ,17 , 1),
(27 ,18 , 1),
(27 ,19 , 1),
(27 ,20 , 1),
(27 ,21 , 1),
(27 ,22 , 1),
(27 ,23 , 1),
(28 ,13 , 1),
(28 ,14 , 1),
(28 ,15 , 1),
(28 ,16 , 1),
(28 ,17 , 1),
(28 ,18 , 1),
(28 ,19 , 1),
(28 ,20 , 1),
(28 ,21 , 1),
(28 ,22 , 1),
(28 ,23 , 1),
(29 ,13 , 1),
(29 ,14 , 1),
(29 ,15 , 1),
(29 ,16 , 1),
(29 ,17 , 1),
(29 ,18 , 1),
(29 ,19 , 1),
(29 ,20 , 1),
(29 ,21 , 1),
(29 ,22 , 1),
(29 ,23 , 1),
(30 ,13 , 1),
(30 ,14 , 1),
(30 ,15 , 1),
(30 ,16 , 1),
(30 ,17 , 1),
(30 ,18 , 1),
(30 ,19 , 1),
(30 ,20 , 1),
(30 ,21 , 1),
(30 ,22 , 1),
(30 ,23 , 1),
(31 ,13 , 1),
(31 ,14 , 1),
(31 ,15 , 1),
(31 ,16 , 1),
(31 ,17 , 1),
(31 ,18 , 1),
(31 ,19 , 1),
(31 ,20 , 1),
(31 ,21 , 1),
(31 ,22 , 1),
(31 ,23 , 1),
(32 ,13 , 1),
(32 ,14 , 1),
(32 ,15 , 1),
(32 ,16 , 1),
(32 ,17 , 1),
(32 ,18 , 1),
(32 ,19 , 1),
(32 ,20 , 1),
(32 ,21 , 1),
(32 ,22 , 1),
(32 ,23 , 1),
(33 ,13 , 1),
(33 ,14 , 1),
(33 ,15 , 1),
(33 ,16 , 1),
(33 ,17 , 1),
(33 ,18 , 1),
(33 ,19 , 1),
(33 ,20 , 1),
(33 ,21 , 1),
(33 ,22 , 1),
(33 ,23 , 1),
(34 ,13 , 1),
(34 ,14 , 1),
(34 ,15 , 1),
(34 ,16 , 1),
(34 ,17 , 1),
(34 ,18 , 1),
(34 ,19 , 1),
(34 ,20 , 1),
(34 ,21 , 1),
(34 ,22 , 1),
(34 ,23 , 1),
(35 ,13 , 1),
(35 ,14 , 1),
(35 ,15 , 1),
(35 ,16 , 1),
(35 ,17 , 1),
(35 ,18 , 1),
(35 ,19 , 1),
(35 ,20 , 1),
(35 ,21 , 1),
(35 ,22 , 1),
(35 ,23 , 1),
(36 ,13 , 1),
(36 ,14 , 1),
(36 ,15 , 1),
(36 ,16 , 1),
(36 ,17 , 1),
(36 ,18 , 1),
(36 ,19 , 1),
(36 ,20 , 1),
(36 ,21 , 1),
(36 ,22 , 1),
(36 ,23 , 1),
(37 ,13 , 1),
(37 ,14 , 1),
(37 ,15 , 1),
(37 ,16 , 1),
(37 ,17 , 1),
(37 ,18 , 1),
(37 ,19 , 1),
(37 ,20 , 1),
(37 ,21 , 1),
(37 ,22 , 1),
(37 ,23 , 1),
(38 ,13 , 1),
(38 ,14 , 1),
(38 ,15 , 1),
(38 ,16 , 1),
(38 ,17 , 1),
(38 ,18 , 1),
(38 ,19 , 1),
(38 ,20 , 1),
(38 ,21 , 1),
(38 ,22 , 1),
(38 ,23 , 1),
(39 ,13 , 1),
(39 ,14 , 1),
(39 ,15 , 1),
(39 ,16 , 1),
(39 ,17 , 1),
(39 ,18 , 1),
(39 ,19 , 1),
(39 ,20 , 1),
(39 ,21 , 1),
(39 ,22 , 1),
(39 ,23 , 1),
(40 ,13 , 1),
(40 ,14 , 1),
(40 ,15 , 1),
(40 ,16 , 1),
(40 ,17 , 1),
(40 ,18 , 1),
(40 ,19 , 1),
(40 ,20 , 1),
(40 ,21 , 1),
(40 ,22 , 1),
(40 ,23 , 1),
(41 ,13 , 1),
(41 ,14 , 1),
(41 ,15 , 1),
(41 ,16 , 1),
(41 ,17 , 1),
(41 ,18 , 1),
(41 ,19 , 1),
(41 ,20 , 1),
(41 ,21 , 1),
(41 ,22 , 1),
(41 ,23 , 1),
(42 ,13 , 1),
(42 ,14 , 1),
(42 ,15 , 1),
(42 ,16 , 1),
(42 ,17 , 1),
(42 ,18 , 1),
(42 ,19 , 1),
(42 ,20 , 1),
(42 ,21 , 1),
(42 ,22 , 1),
(42 ,23 , 1),
(43 ,13 , 1),
(43 ,14 , 1),
(43 ,15 , 1),
(43 ,16 , 1),
(43 ,17 , 1),
(43 ,18 , 1),
(43 ,19 , 1),
(43 ,20 , 1),
(43 ,21 , 1),
(43 ,22 , 1),
(43 ,23 , 1),
(44 ,13 , 1),
(44 ,14 , 1),
(44 ,15 , 1),
(44 ,16 , 1),
(44 ,17 , 1),
(44 ,18 , 1),
(44 ,19 , 1),
(44 ,20 , 1),
(44 ,21 , 1),
(44 ,22 , 1),
(44 ,23 , 1),
(45 ,13 , 1),
(45 ,14 , 1),
(45 ,15 , 1),
(45 ,16 , 1),
(45 ,17 , 1),
(45 ,18 , 1),
(45 ,19 , 1),
(45 ,20 , 1),
(45 ,21 , 1),
(45 ,22 , 1),
(45 ,23 , 1),
(46 ,13 , 1),
(46 ,14 , 1),
(46 ,15 , 1),
(46 ,16 , 1),
(46 ,17 , 1),
(46 ,18 , 1),
(46 ,19 , 1),
(46 ,20 , 1),
(46 ,21 , 1),
(46 ,22 , 1),
(46 ,23 , 1),
(47 ,13 , 1),
(47 ,14 , 1),
(47 ,15 , 1),
(47 ,16 , 1),
(47 ,17 , 1),
(47 ,18 , 1),
(47 ,19 , 1),
(47 ,20 , 1),
(47 ,21 , 1),
(47 ,22 , 1),
(47 ,23 , 1),
(48 ,13 , 1),
(48 ,14 , 1),
(48 ,15 , 1),
(48 ,16 , 1),
(48 ,17 , 1),
(48 ,18 , 1),
(48 ,19 , 1),
(48 ,20 , 1),
(48 ,21 , 1),
(48 ,22 , 1),
(48 ,23 , 1),
(49 ,13 , 1),
(49 ,14 , 1),
(49 ,15 , 1),
(49 ,16 , 1),
(49 ,17 , 1),
(49 ,18 , 1),
(49 ,19 , 1),
(49 ,20 , 1),
(49 ,21 , 1),
(49 ,22 , 1),
(49 ,23 , 1),
(50 ,13 , 1),
(50 ,14 , 1),
(50 ,15 , 1),
(50 ,16 , 1),
(50 ,17 , 1),
(50 ,18 , 1),
(50 ,19 , 1),
(50 ,20 , 1),
(50 ,21 , 1),
(50 ,22 , 1),
(50 ,23 , 1),
(51 ,13 , 1),
(51 ,14 , 1),
(51 ,15 , 1),
(51 ,16 , 1),
(51 ,17 , 1),
(51 ,18 , 1),
(51 ,19 , 1),
(51 ,20 , 1),
(51 ,21 , 1),
(51 ,22 , 1),
(51 ,23 , 1),
(52 ,13 , 1),
(52 ,14 , 1),
(52 ,15 , 1),
(52 ,16 , 1),
(52 ,17 , 1),
(52 ,18 , 1),
(52 ,19 , 1),
(52 ,20 , 1),
(52 ,21 , 1),
(52 ,22 , 1),
(52 ,23 , 1),
(53 ,13 , 1),
(53 ,14 , 1),
(53 ,15 , 1),
(53 ,16 , 1),
(53 ,17 , 1),
(53 ,18 , 1),
(53 ,19 , 1),
(53 ,20 , 1),
(53 ,21 , 1),
(53 ,22 , 1),
(53 ,23 , 1),
(54 ,13 , 1),
(54 ,14 , 1),
(54 ,15 , 1),
(54 ,16 , 1),
(54 ,17 , 1),
(54 ,18 , 1),
(54 ,19 , 1),
(54 ,20 , 1),
(54 ,21 , 1),
(54 ,22 , 1),
(54 ,23 , 1),
(55 ,13 , 1),
(55 ,14 , 1),
(55 ,15 , 1),
(55 ,16 , 1),
(55 ,17 , 1),
(55 ,18 , 1),
(55 ,19 , 1),
(55 ,20 , 1),
(55 ,21 , 1),
(55 ,22 , 1),
(55 ,23 , 1),
(56 ,13 , 1),
(56 ,14 , 1),
(56 ,15 , 1),
(56 ,16 , 1),
(56 ,17 , 1),
(56 ,18 , 1),
(56 ,19 , 1),
(56 ,20 , 1),
(56 ,21 , 1),
(56 ,22 , 1),
(56 ,23 , 1),
(57 ,13 , 1),
(57 ,14 , 1),
(57 ,15 , 1),
(57 ,16 , 1),
(57 ,17 , 1),
(57 ,18 , 1),
(57 ,19 , 1),
(57 ,20 , 1),
(57 ,21 , 1),
(57 ,22 , 1),
(57 ,23 , 1),
(58 ,13 , 1),
(58 ,14 , 1),
(58 ,15 , 1),
(58 ,16 , 1),
(58 ,17 , 1),
(58 ,18 , 1),
(58 ,19 , 1),
(58 ,20 , 1),
(58 ,21 , 1),
(58 ,22 , 1),
(58 ,23 , 1),
(59 ,13 , 1),
(59 ,14 , 1),
(59 ,15 , 1),
(59 ,16 , 1),
(59 ,17 , 1),
(59 ,18 , 1),
(59 ,19 , 1),
(59 ,20 , 1),
(59 ,21 , 1),
(59 ,22 , 1),
(59 ,23 , 1),
(60 ,13 , 1),
(60 ,14 , 1),
(60 ,15 , 1),
(60 ,16 , 1),
(60 ,17 , 1),
(60 ,18 , 1),
(60 ,19 , 1),
(60 ,20 , 1),
(60 ,21 , 1),
(60 ,22 , 1),
(60 ,23 , 1),
(61 ,13 , 1),
(61 ,14 , 1),
(61 ,15 , 1),
(61 ,16 , 1),
(61 ,17 , 1),
(61 ,18 , 1),
(61 ,19 , 1),
(61 ,20 , 1),
(61 ,21 , 1),
(61 ,22 , 1),
(61 ,23 , 1),
(62 ,13 , 1),
(62 ,14 , 1),
(62 ,15 , 1),
(62 ,16 , 1),
(62 ,17 , 1),
(62 ,18 , 1),
(62 ,19 , 1),
(62 ,20 , 1),
(62 ,21 , 1),
(62 ,22 , 1),
(62 ,23 , 1),
(63 ,13 , 1),
(63 ,14 , 1),
(63 ,15 , 1),
(63 ,16 , 1),
(63 ,17 , 1),
(63 ,18 , 1),
(63 ,19 , 1),
(63 ,20 , 1),
(63 ,21 , 1),
(63 ,22 , 1),
(63 ,23 , 1),
(64 ,13 , 1),
(64 ,14 , 1),
(64 ,15 , 1),
(64 ,16 , 1),
(64 ,17 , 1),
(64 ,18 , 1),
(64 ,19 , 1),
(64 ,20 , 1),
(64 ,21 , 1),
(64 ,22 , 1),
(64 ,23 , 1),
(65 ,13 , 1),
(65 ,14 , 1),
(65 ,15 , 1),
(65 ,16 , 1),
(65 ,17 , 1),
(65 ,18 , 1),
(65 ,19 , 1),
(65 ,20 , 1),
(65 ,21 , 1),
(65 ,22 , 1),
(65 ,23 , 1),
(66 ,13 , 1),
(66 ,14 , 1),
(66 ,15 , 1),
(66 ,16 , 1),
(66 ,17 , 1),
(66 ,18 , 1),
(66 ,19 , 1),
(66 ,20 , 1),
(66 ,21 , 1),
(66 ,22 , 1),
(66 ,23 , 1),
(67 ,13 , 1),
(67 ,14 , 1),
(67 ,15 , 1),
(67 ,16 , 1),
(67 ,17 , 1),
(67 ,18 , 1),
(67 ,19 , 1),
(67 ,20 , 1),
(67 ,21 , 1),
(67 ,22 , 1),
(67 ,23 , 1),
(68 ,13 , 1),
(68 ,14 , 1),
(68 ,15 , 1),
(68 ,16 , 1),
(68 ,17 , 1),
(68 ,18 , 1),
(68 ,19 , 1),
(68 ,20 , 1),
(68 ,21 , 1),
(68 ,22 , 1),
(68 ,23 , 1),
(69 ,13 , 1),
(69 ,14 , 1),
(69 ,15 , 1),
(69 ,16 , 1),
(69 ,17 , 1),
(69 ,18 , 1),
(69 ,19 , 1),
(69 ,20 , 1),
(69 ,21 , 1),
(69 ,22 , 1),
(69 ,23 , 1),
(70 ,13 , 1),
(70 ,14 , 1),
(70 ,15 , 1),
(70 ,16 , 1),
(70 ,17 , 1),
(70 ,18 , 1),
(70 ,19 , 1),
(70 ,20 , 1),
(70 ,21 , 1),
(70 ,22 , 1),
(70 ,23 , 1),
(71 ,13 , 1),
(71 ,14 , 1),
(71 ,15 , 1),
(71 ,16 , 1),
(71 ,17 , 1),
(71 ,18 , 1),
(71 ,19 , 1),
(71 ,20 , 1),
(71 ,21 , 1),
(71 ,22 , 1),
(71 ,23 , 1),
(72 ,13 , 1),
(72 ,14 , 1),
(72 ,15 , 1),
(72 ,16 , 1),
(72 ,17 , 1),
(72 ,18 , 1),
(72 ,19 , 1),
(72 ,20 , 1),
(72 ,21 , 1),
(72 ,22 , 1),
(72 ,23 , 1),
(73 ,13 , 1),
(73 ,14 , 1),
(73 ,15 , 1),
(73 ,16 , 1),
(73 ,17 , 1),
(73 ,18 , 1),
(73 ,19 , 1),
(73 ,20 , 1),
(73 ,21 , 1),
(73 ,22 , 1),
(73 ,23 , 1),
(74 ,13 , 1),
(74 ,14 , 1),
(74 ,15 , 1),
(74 ,16 , 1),
(74 ,17 , 1),
(74 ,18 , 1),
(74 ,19 , 1),
(74 ,20 , 1),
(74 ,21 , 1),
(74 ,22 , 1),
(74 ,23 , 1),
(75 ,13 , 1),
(75 ,14 , 1),
(75 ,15 , 1),
(75 ,16 , 1),
(75 ,17 , 1),
(75 ,18 , 1),
(75 ,19 , 1),
(75 ,20 , 1),
(75 ,21 , 1),
(75 ,22 , 1),
(75 ,23 , 1),
(76 ,13 , 1),
(76 ,14 , 1),
(76 ,15 , 1),
(76 ,16 , 1),
(76 ,17 , 1),
(76 ,18 , 1),
(76 ,19 , 1),
(76 ,20 , 1),
(76 ,21 , 1),
(76 ,22 , 1),
(76 ,23 , 1),
(77 ,13 , 1),
(77 ,14 , 1),
(77 ,15 , 1),
(77 ,16 , 1),
(77 ,17 , 1),
(77 ,18 , 1),
(77 ,19 , 1),
(77 ,20 , 1),
(77 ,21 , 1),
(77 ,22 , 1),
(77 ,23 , 1),
(78 ,13 , 1),
(78 ,14 , 1),
(78 ,15 , 1),
(78 ,16 , 1),
(78 ,17 , 1),
(78 ,18 , 1),
(78 ,19 , 1),
(78 ,20 , 1),
(78 ,21 , 1),
(78 ,22 , 1),
(78 ,23 , 1),
(79 ,13 , 1),
(79 ,14 , 1),
(79 ,15 , 1),
(79 ,16 , 1),
(79 ,17 , 1),
(79 ,18 , 1),
(79 ,19 , 1),
(79 ,20 , 1),
(79 ,21 , 1),
(79 ,22 , 1),
(79 ,23 , 1),
(80 ,13 , 1),
(80 ,14 , 1),
(80 ,15 , 1),
(80 ,16 , 1),
(80 ,17 , 1),
(80 ,18 , 1),
(80 ,19 , 1),
(80 ,20 , 1),
(80 ,21 , 1),
(80 ,22 , 1),
(80 ,23 , 1),
(81 ,13 , 1),
(81 ,14 , 1),
(81 ,15 , 1),
(81 ,16 , 1),
(81 ,17 , 1),
(81 ,18 , 1),
(81 ,19 , 1),
(81 ,20 , 1),
(81 ,21 , 1),
(81 ,22 , 1),
(81 ,23 , 1),
(82 ,13 , 1),
(82 ,14 , 1),
(82 ,15 , 1),
(82 ,16 , 1),
(82 ,17 , 1),
(82 ,18 , 1),
(82 ,19 , 1),
(82 ,20 , 1),
(82 ,21 , 1),
(82 ,22 , 1),
(82 ,23 , 1),
(83 ,13 , 1),
(83 ,14 , 1),
(83 ,15 , 1),
(83 ,16 , 1),
(83 ,17 , 1),
(83 ,18 , 1),
(83 ,19 , 1),
(83 ,20 , 1),
(83 ,21 , 1),
(83 ,22 , 1),
(83 ,23 , 1),
(84 ,13 , 1),
(84 ,14 , 1),
(84 ,15 , 1),
(84 ,16 , 1),
(84 ,17 , 1),
(84 ,18 , 1),
(84 ,19 , 1),
(84 ,20 , 1),
(84 ,21 , 1),
(84 ,22 , 1),
(84 ,23 , 1),
(85 ,13 , 1),
(85 ,14 , 1),
(85 ,15 , 1),
(85 ,16 , 1),
(85 ,17 , 1),
(85 ,18 , 1),
(85 ,19 , 1),
(85 ,20 , 1),
(85 ,21 , 1),
(85 ,22 , 1),
(85 ,23 , 1),
(86 ,13 , 1),
(86 ,14 , 1),
(86 ,15 , 1),
(86 ,16 , 1),
(86 ,17 , 1),
(86 ,18 , 1),
(86 ,19 , 1),
(86 ,20 , 1),
(86 ,21 , 1),
(86 ,22 , 1),
(86 ,23 , 1),
(87 ,13 , 1),
(87 ,14 , 1),
(87 ,15 , 1),
(87 ,16 , 1),
(87 ,17 , 1),
(87 ,18 , 1),
(87 ,19 , 1),
(87 ,20 , 1),
(87 ,21 , 1),
(87 ,22 , 1),
(87 ,23 , 1),
(88 ,13 , 1),
(88 ,14 , 1),
(88 ,15 , 1),
(88 ,16 , 1),
(88 ,17 , 1),
(88 ,18 , 1),
(88 ,19 , 1),
(88 ,20 , 1),
(88 ,21 , 1),
(88 ,22 , 1),
(88 ,23 , 1),
(89 ,13 , 1),
(89 ,14 , 1),
(89 ,15 , 1),
(89 ,16 , 1),
(89 ,17 , 1),
(89 ,18 , 1),
(89 ,19 , 1),
(89 ,20 , 1),
(89 ,21 , 1),
(89 ,22 , 1),
(89 ,23 , 1),
(90 ,13 , 1),
(90 ,14 , 1),
(90 ,15 , 1),
(90 ,16 , 1),
(90 ,17 , 1),
(90 ,18 , 1),
(90 ,19 , 1),
(90 ,20 , 1),
(90 ,21 , 1),
(90 ,22 , 1),
(90 ,23 , 1),
(91 ,13 , 1),
(91 ,14 , 1),
(91 ,15 , 1),
(91 ,16 , 1),
(91 ,17 , 1),
(91 ,18 , 1),
(91 ,19 , 1),
(91 ,20 , 1),
(91 ,21 , 1),
(91 ,22 , 1),
(91 ,23 , 1),
(92 ,13 , 1),
(92 ,14 , 1),
(92 ,15 , 1),
(92 ,16 , 1),
(92 ,17 , 1),
(92 ,18 , 1),
(92 ,19 , 1),
(92 ,20 , 1),
(92 ,21 , 1),
(92 ,22 , 1),
(92 ,23 , 1),
(93 ,13 , 1),
(93 ,14 , 1),
(93 ,15 , 1),
(93 ,16 , 1),
(93 ,17 , 1),
(93 ,18 , 1),
(93 ,19 , 1),
(93 ,20 , 1),
(93 ,21 , 1),
(93 ,22 , 1),
(93 ,23 , 1),
(94 ,13 , 1),
(94 ,14 , 1),
(94 ,15 , 1),
(94 ,16 , 1),
(94 ,17 , 1),
(94 ,18 , 1),
(94 ,19 , 1),
(94 ,20 , 1),
(94 ,21 , 1),
(94 ,22 , 1),
(94 ,23 , 1),
(95 ,13 , 1),
(95 ,14 , 1),
(95 ,15 , 1),
(95 ,16 , 1),
(95 ,17 , 1),
(95 ,18 , 1),
(95 ,19 , 1),
(95 ,20 , 1),
(95 ,21 , 1),
(95 ,22 , 1),
(95 ,23 , 1),
(96 ,13 , 1),
(96 ,14 , 1),
(96 ,15 , 1),
(96 ,16 , 1),
(96 ,17 , 1),
(96 ,18 , 1),
(96 ,19 , 1),
(96 ,20 , 1),
(96 ,21 , 1),
(96 ,22 , 1),
(96 ,23 , 1),
(97 ,13 , 1),
(97 ,14 , 1),
(97 ,15 , 1),
(97 ,16 , 1),
(97 ,17 , 1),
(97 ,18 , 1),
(97 ,19 , 1),
(97 ,20 , 1),
(97 ,21 , 1),
(97 ,22 , 1),
(97 ,23 , 1),
(98 ,13 , 1),
(98 ,14 , 1),
(98 ,15 , 1),
(98 ,16 , 1),
(98 ,17 , 1),
(98 ,18 , 1),
(98 ,19 , 1),
(98 ,20 , 1),
(98 ,21 , 1),
(98 ,22 , 1),
(98 ,23 , 1),
(99 ,13 , 1),
(99 ,14 , 1),
(99 ,15 , 1),
(99 ,16 , 1),
(99 ,17 , 1),
(99 ,18 , 1),
(99 ,19 , 1),
(99 ,20 , 1),
(99 ,21 , 1),
(99 ,22 , 1),
(99 ,23 , 1),
(100 ,13 , 1),
(100 ,14 , 1),
(100 ,15 , 1),
(100 ,16 , 1),
(100 ,17 , 1),
(100 ,18 , 1),
(100 ,19 , 1),
(100 ,20 , 1),
(100 ,21 , 1),
(100 ,22 , 1),
(100 ,23 , 1),
(101 ,13 , 1),
(101 ,14 , 1),
(101 ,15 , 1),
(101 ,16 , 1),
(101 ,17 , 1),
(101 ,18 , 1),
(101 ,19 , 1),
(101 ,20 , 1),
(101 ,21 , 1),
(101 ,22 , 1),
(101 ,23 , 1),
(102 ,13 , 1),
(102 ,14 , 1),
(102 ,15 , 1),
(102 ,16 , 1),
(102 ,17 , 1),
(102 ,18 , 1),
(102 ,19 , 1),
(102 ,20 , 1),
(102 ,21 , 1),
(102 ,22 , 1),
(102 ,23 , 1),
(103 ,13 , 1),
(103 ,14 , 1),
(103 ,15 , 1),
(103 ,16 , 1),
(103 ,17 , 1),
(103 ,18 , 1),
(103 ,19 , 1),
(103 ,20 , 1),
(103 ,21 , 1),
(103 ,22 , 1),
(103 ,23 , 1),
(104 ,13 , 1),
(104 ,14 , 1),
(104 ,15 , 1),
(104 ,16 , 1),
(104 ,17 , 1),
(104 ,18 , 1),
(104 ,19 , 1),
(104 ,20 , 1),
(104 ,21 , 1),
(104 ,22 , 1),
(104 ,23 , 1),
(105 ,13 , 1),
(105 ,14 , 1),
(105 ,15 , 1),
(105 ,16 , 1),
(105 ,17 , 1),
(105 ,18 , 1),
(105 ,19 , 1),
(105 ,20 , 1),
(105 ,21 , 1),
(105 ,22 , 1),
(105 ,23 , 1),
(106 ,13 , 1),
(106 ,14 , 1),
(106 ,15 , 1),
(106 ,16 , 1),
(106 ,17 , 1),
(106 ,18 , 1),
(106 ,19 , 1),
(106 ,20 , 1),
(106 ,21 , 1),
(106 ,22 , 1),
(106 ,23 , 1),
(107 ,13 , 1),
(107 ,14 , 1),
(107 ,15 , 1),
(107 ,16 , 1),
(107 ,17 , 1),
(107 ,18 , 1),
(107 ,19 , 1),
(107 ,20 , 1),
(107 ,21 , 1),
(107 ,22 , 1),
(107 ,23 , 1),
(108 ,13 , 1),
(108 ,14 , 1),
(108 ,15 , 1),
(108 ,16 , 1),
(108 ,17 , 1),
(108 ,18 , 1),
(108 ,19 , 1),
(108 ,20 , 1),
(108 ,21 , 1),
(108 ,22 , 1),
(108 ,23 , 1),
(109 ,13 , 1),
(109 ,14 , 1),
(109 ,15 , 1),
(109 ,16 , 1),
(109 ,17 , 1),
(109 ,18 , 1),
(109 ,19 , 1),
(109 ,20 , 1),
(109 ,21 , 1),
(109 ,22 , 1),
(109 ,23 , 1),
(110 ,13 , 1),
(110 ,14 , 1),
(110 ,15 , 1),
(110 ,16 , 1),
(110 ,17 , 1),
(110 ,18 , 1),
(110 ,19 , 1),
(110 ,20 , 1),
(110 ,21 , 1),
(110 ,22 , 1),
(110 ,23 , 1),
(111 ,13 , 1),
(111 ,14 , 1),
(111 ,15 , 1),
(111 ,16 , 1),
(111 ,17 , 1),
(111 ,18 , 1),
(111 ,19 , 1),
(111 ,20 , 1),
(111 ,21 , 1),
(111 ,22 , 1),
(111 ,23 , 1),
(112 ,13 , 1),
(112 ,14 , 1),
(112 ,15 , 1),
(112 ,16 , 1),
(112 ,17 , 1),
(112 ,18 , 1),
(112 ,19 , 1),
(112 ,20 , 1),
(112 ,21 , 1),
(112 ,22 , 1),
(112 ,23 , 1),
(113 ,13 , 1),
(113 ,14 , 1),
(113 ,15 , 1),
(113 ,16 , 1),
(113 ,17 , 1),
(113 ,18 , 1),
(113 ,19 , 1),
(113 ,20 , 1),
(113 ,21 , 1),
(113 ,22 , 1),
(113 ,23 , 1),
(114 ,13 , 1),
(114 ,14 , 1),
(114 ,15 , 1),
(114 ,16 , 1),
(114 ,17 , 1),
(114 ,18 , 1),
(114 ,19 , 1),
(114 ,20 , 1),
(114 ,21 , 1),
(114 ,22 , 1),
(114 ,23 , 1),
(115 ,13 , 1),
(115 ,14 , 1),
(115 ,15 , 1),
(115 ,16 , 1),
(115 ,17 , 1),
(115 ,18 , 1),
(115 ,19 , 1),
(115 ,20 , 1),
(115 ,21 , 1),
(115 ,22 , 1),
(115 ,23 , 1),
(116 ,13 , 1),
(116 ,14 , 1),
(116 ,15 , 1),
(116 ,16 , 1),
(116 ,17 , 1),
(116 ,18 , 1),
(116 ,19 , 1),
(116 ,20 , 1),
(116 ,21 , 1),
(116 ,22 , 1),
(116 ,23 , 1),
(117 ,13 , 1),
(117 ,14 , 1),
(117 ,15 , 1),
(117 ,16 , 1),
(117 ,17 , 1),
(117 ,18 , 1),
(117 ,19 , 1),
(117 ,20 , 1),
(117 ,21 , 1),
(117 ,22 , 1),
(117 ,23 , 1),
(118 ,13 , 1),
(118 ,14 , 1),
(118 ,15 , 1),
(118 ,16 , 1),
(118 ,17 , 1),
(118 ,18 , 1),
(118 ,19 , 1),
(118 ,20 , 1),
(118 ,21 , 1),
(118 ,22 , 1),
(118 ,23 , 1),
(119 ,13 , 1),
(119 ,14 , 1),
(119 ,15 , 1),
(119 ,16 , 1),
(119 ,17 , 1),
(119 ,18 , 1),
(119 ,19 , 1),
(119 ,20 , 1),
(119 ,21 , 1),
(119 ,22 , 1),
(119 ,23 , 1),
(120 ,13 , 1),
(120 ,14 , 1),
(120 ,15 , 1),
(120 ,16 , 1),
(120 ,17 , 1),
(120 ,18 , 1),
(120 ,19 , 1),
(120 ,20 , 1),
(120 ,21 , 1),
(120 ,22 , 1),
(120 ,23 , 1),
(121 ,13 , 1),
(121 ,14 , 1),
(121 ,15 , 1),
(121 ,16 , 1),
(121 ,17 , 1),
(121 ,18 , 1),
(121 ,19 , 1),
(121 ,20 , 1),
(121 ,21 , 1),
(121 ,22 , 1),
(121 ,23 , 1),
(122 ,13 , 1),
(122 ,14 , 1),
(122 ,15 , 1),
(122 ,16 , 1),
(122 ,17 , 1),
(122 ,18 , 1),
(122 ,19 , 1),
(122 ,20 , 1),
(122 ,21 , 1),
(122 ,22 , 1),
(122 ,23 , 1),
(123 ,13 , 1),
(123 ,14 , 1),
(123 ,15 , 1),
(123 ,16 , 1),
(123 ,17 , 1),
(123 ,18 , 1),
(123 ,19 , 1),
(123 ,20 , 1),
(123 ,21 , 1),
(123 ,22 , 1),
(123 ,23 , 1),
(124 ,13 , 1),
(124 ,14 , 1),
(124 ,15 , 1),
(124 ,16 , 1),
(124 ,17 , 1),
(124 ,18 , 1),
(124 ,19 , 1),
(124 ,20 , 1),
(124 ,21 , 1),
(124 ,22 , 1),
(124 ,23 , 1),
(125 ,13 , 1),
(125 ,14 , 1),
(125 ,15 , 1),
(125 ,16 , 1),
(125 ,17 , 1),
(125 ,18 , 1),
(125 ,19 , 1),
(125 ,20 , 1),
(125 ,21 , 1),
(125 ,22 , 1),
(125 ,23 , 1),
(126 ,13 , 1),
(126 ,14 , 1),
(126 ,15 , 1),
(126 ,16 , 1),
(126 ,17 , 1),
(126 ,18 , 1),
(126 ,19 , 1),
(126 ,20 , 1),
(126 ,21 , 1),
(126 ,22 , 1),
(126 ,23 , 1),
(127 ,13 , 1),
(127 ,14 , 1),
(127 ,15 , 1),
(127 ,16 , 1),
(127 ,17 , 1),
(127 ,18 , 1),
(127 ,19 , 1),
(127 ,20 , 1),
(127 ,21 , 1),
(127 ,22 , 1),
(127 ,23 , 1),
(128 ,13 , 1),
(128 ,14 , 1),
(128 ,15 , 1),
(128 ,16 , 1),
(128 ,17 , 1),
(128 ,18 , 1),
(128 ,19 , 1),
(128 ,20 , 1),
(128 ,21 , 1),
(128 ,22 , 1),
(128 ,23 , 1),
(129 ,13 , 1),
(129 ,14 , 1),
(129 ,15 , 1),
(129 ,16 , 1),
(129 ,17 , 1),
(129 ,18 , 1),
(129 ,19 , 1),
(129 ,20 , 1),
(129 ,21 , 1),
(129 ,22 , 1),
(129 ,23 , 1),
(130 ,13 , 1),
(130 ,14 , 1),
(130 ,15 , 1),
(130 ,16 , 1),
(130 ,17 , 1),
(130 ,18 , 1),
(130 ,19 , 1),
(130 ,20 , 1),
(130 ,21 , 1),
(130 ,22 , 1),
(130 ,23 , 1),
(131 ,13 , 1),
(131 ,14 , 1),
(131 ,15 , 1),
(131 ,16 , 1),
(131 ,17 , 1),
(131 ,18 , 1),
(131 ,19 , 1),
(131 ,20 , 1),
(131 ,21 , 1),
(131 ,22 , 1),
(131 ,23 , 1),
(132 ,13 , 1),
(132 ,14 , 1),
(132 ,15 , 1),
(132 ,16 , 1),
(132 ,17 , 1),
(132 ,18 , 1),
(132 ,19 , 1),
(132 ,20 , 1),
(132 ,21 , 1),
(132 ,22 , 1),
(132 ,23 , 1),
(133 ,13 , 1),
(133 ,14 , 1),
(133 ,15 , 1),
(133 ,16 , 1),
(133 ,17 , 1),
(133 ,18 , 1),
(133 ,19 , 1),
(133 ,20 , 1),
(133 ,21 , 1),
(133 ,22 , 1),
(133 ,23 , 1),
(134 ,13 , 1),
(134 ,14 , 1),
(134 ,15 , 1),
(134 ,16 , 1),
(134 ,17 , 1),
(134 ,18 , 1),
(134 ,19 , 1),
(134 ,20 , 1),
(134 ,21 , 1),
(134 ,22 , 1),
(134 ,23 , 1),
(135 ,13 , 1),
(135 ,14 , 1),
(135 ,15 , 1),
(135 ,16 , 1),
(135 ,17 , 1),
(135 ,18 , 1),
(135 ,19 , 1),
(135 ,20 , 1),
(135 ,21 , 1),
(135 ,22 , 1),
(135 ,23 , 1),
(136 ,13 , 1),
(136 ,14 , 1),
(136 ,15 , 1),
(136 ,16 , 1),
(136 ,17 , 1),
(136 ,18 , 1),
(136 ,19 , 1),
(136 ,20 , 1),
(136 ,21 , 1),
(136 ,22 , 1),
(136 ,23 , 1),
(137 ,13 , 1),
(137 ,14 , 1),
(137 ,15 , 1),
(137 ,16 , 1),
(137 ,17 , 1),
(137 ,18 , 1),
(137 ,19 , 1),
(137 ,20 , 1),
(137 ,21 , 1),
(137 ,22 , 1),
(137 ,23 , 1),
(138 ,13 , 1),
(138 ,14 , 1),
(138 ,15 , 1),
(138 ,16 , 1),
(138 ,17 , 1),
(138 ,18 , 1),
(138 ,19 , 1),
(138 ,20 , 1),
(138 ,21 , 1),
(138 ,22 , 1),
(138 ,23 , 1),
(139 ,13 , 1),
(139 ,14 , 1),
(139 ,15 , 1),
(139 ,16 , 1),
(139 ,17 , 1),
(139 ,18 , 1),
(139 ,19 , 1),
(139 ,20 , 1),
(139 ,21 , 1),
(139 ,22 , 1),
(139 ,23 , 1),
(140 ,13 , 1),
(140 ,14 , 1),
(140 ,15 , 1),
(140 ,16 , 1),
(140 ,17 , 1),
(140 ,18 , 1),
(140 ,19 , 1),
(140 ,20 , 1),
(140 ,21 , 1),
(140 ,22 , 1),
(140 ,23 , 1),
(141 ,13 , 1),
(141 ,14 , 1),
(141 ,15 , 1),
(141 ,16 , 1),
(141 ,17 , 1),
(141 ,18 , 1),
(141 ,19 , 1),
(141 ,20 , 1),
(141 ,21 , 1),
(141 ,22 , 1),
(141 ,23 , 1),
(142 ,13 , 1),
(142 ,14 , 1),
(142 ,15 , 1),
(142 ,16 , 1),
(142 ,17 , 1),
(142 ,18 , 1),
(142 ,19 , 1),
(142 ,20 , 1),
(142 ,21 , 1),
(142 ,22 , 1),
(142 ,23 , 1),
(143 ,13 , 1),
(143 ,14 , 1),
(143 ,15 , 1),
(143 ,16 , 1),
(143 ,17 , 1),
(143 ,18 , 1),
(143 ,19 , 1),
(143 ,20 , 1),
(143 ,21 , 1),
(143 ,22 , 1),
(143 ,23 , 1),
(144 ,13 , 1),
(144 ,14 , 1),
(144 ,15 , 1),
(144 ,16 , 1),
(144 ,17 , 1),
(144 ,18 , 1),
(144 ,19 , 1),
(144 ,20 , 1),
(144 ,21 , 1),
(144 ,22 , 1),
(144 ,23 , 1),
(145 ,13 , 1),
(145 ,14 , 1),
(145 ,15 , 1),
(145 ,16 , 1),
(145 ,17 , 1),
(145 ,18 , 1),
(145 ,19 , 1),
(145 ,20 , 1),
(145 ,21 , 1),
(145 ,22 , 1),
(145 ,23 , 1),
(146 ,13 , 1),
(146 ,14 , 1),
(146 ,15 , 1),
(146 ,16 , 1),
(146 ,17 , 1),
(146 ,18 , 1),
(146 ,19 , 1),
(146 ,20 , 1),
(146 ,21 , 1),
(146 ,22 , 1),
(146 ,23 , 1),
(147 ,13 , 1),
(147 ,14 , 1),
(147 ,15 , 1),
(147 ,16 , 1),
(147 ,17 , 1),
(147 ,18 , 1),
(147 ,19 , 1),
(147 ,20 , 1),
(147 ,21 , 1),
(147 ,22 , 1),
(147 ,23 , 1),
(148 ,13 , 1),
(148 ,14 , 1),
(148 ,15 , 1),
(148 ,16 , 1),
(148 ,17 , 1),
(148 ,18 , 1),
(148 ,19 , 1),
(148 ,20 , 1),
(148 ,21 , 1),
(148 ,22 , 1),
(148 ,23 , 1),
(149 ,13 , 1),
(149 ,14 , 1),
(149 ,15 , 1),
(149 ,16 , 1),
(149 ,17 , 1),
(149 ,18 , 1),
(149 ,19 , 1),
(149 ,20 , 1),
(149 ,21 , 1),
(149 ,22 , 1),
(149 ,23 , 1),
(150 ,13 , 1),
(150 ,14 , 1),
(150 ,15 , 1),
(150 ,16 , 1),
(150 ,17 , 1),
(150 ,18 , 1),
(150 ,19 , 1),
(150 ,20 , 1),
(150 ,21 , 1),
(150 ,22 , 1),
(150 ,23 , 1),
(151 ,13 , 1),
(151 ,14 , 1),
(151 ,15 , 1),
(151 ,16 , 1),
(151 ,17 , 1),
(151 ,18 , 1),
(151 ,19 , 1),
(151 ,20 , 1),
(151 ,21 , 1),
(151 ,22 , 1),
(151 ,23 , 1),
(152 ,13 , 1),
(152 ,14 , 1),
(152 ,15 , 1),
(152 ,16 , 1),
(152 ,17 , 1),
(152 ,18 , 1),
(152 ,19 , 1),
(152 ,20 , 1),
(152 ,21 , 1),
(152 ,22 , 1),
(152 ,23 , 1),
(153 ,13 , 1),
(153 ,14 , 1),
(153 ,15 , 1),
(153 ,16 , 1),
(153 ,17 , 1),
(153 ,18 , 1),
(153 ,19 , 1),
(153 ,20 , 1),
(153 ,21 , 1),
(153 ,22 , 1),
(153 ,23 , 1),
(154 ,13 , 1),
(154 ,14 , 1),
(154 ,15 , 1),
(154 ,16 , 1),
(154 ,17 , 1),
(154 ,18 , 1),
(154 ,19 , 1),
(154 ,20 , 1),
(154 ,21 , 1),
(154 ,22 , 1),
(154 ,23 , 1),
(155 ,13 , 1),
(155 ,14 , 1),
(155 ,15 , 1),
(155 ,16 , 1),
(155 ,17 , 1),
(155 ,18 , 1),
(155 ,19 , 1),
(155 ,20 , 1),
(155 ,21 , 1),
(155 ,22 , 1),
(155 ,23 , 1),
(156 ,13 , 1),
(156 ,14 , 1),
(156 ,15 , 1),
(156 ,16 , 1),
(156 ,17 , 1),
(156 ,18 , 1),
(156 ,19 , 1),
(156 ,20 , 1),
(156 ,21 , 1),
(156 ,22 , 1),
(156 ,23 , 1),
(157 ,13 , 1),
(157 ,14 , 1),
(157 ,15 , 1),
(157 ,16 , 1),
(157 ,17 , 1),
(157 ,18 , 1),
(157 ,19 , 1),
(157 ,20 , 1),
(157 ,21 , 1),
(157 ,22 , 1),
(157 ,23 , 1),
(158 ,13 , 1),
(158 ,14 , 1),
(158 ,15 , 1),
(158 ,16 , 1),
(158 ,17 , 1),
(158 ,18 , 1),
(158 ,19 , 1),
(158 ,20 , 1),
(158 ,21 , 1),
(158 ,22 , 1),
(158 ,23 , 1),
(159 ,13 , 1),
(159 ,14 , 1),
(159 ,15 , 1),
(159 ,16 , 1),
(159 ,17 , 1),
(159 ,18 , 1),
(159 ,19 , 1),
(159 ,20 , 1),
(159 ,21 , 1),
(159 ,22 , 1),
(159 ,23 , 1),
(160 ,13 , 1),
(160 ,14 , 1),
(160 ,15 , 1),
(160 ,16 , 1),
(160 ,17 , 1),
(160 ,18 , 1),
(160 ,19 , 1),
(160 ,20 , 1),
(160 ,21 , 1),
(160 ,22 , 1),
(160 ,23 , 1),
(161 ,13 , 1),
(161 ,14 , 1),
(161 ,15 , 1),
(161 ,16 , 1),
(161 ,17 , 1),
(161 ,18 , 1),
(161 ,19 , 1),
(161 ,20 , 1),
(161 ,21 , 1),
(161 ,22 , 1),
(161 ,23 , 1),
(162 ,13 , 1),
(162 ,14 , 1),
(162 ,15 , 1),
(162 ,16 , 1),
(162 ,17 , 1),
(162 ,18 , 1),
(162 ,19 , 1),
(162 ,20 , 1),
(162 ,21 , 1),
(162 ,22 , 1),
(162 ,23 , 1),
(163 ,13 , 1),
(163 ,14 , 1),
(163 ,15 , 1),
(163 ,16 , 1),
(163 ,17 , 1),
(163 ,18 , 1),
(163 ,19 , 1),
(163 ,20 , 1),
(163 ,21 , 1),
(163 ,22 , 1),
(163 ,23 , 1),
(164 ,13 , 1),
(164 ,14 , 1),
(164 ,15 , 1),
(164 ,16 , 1),
(164 ,17 , 1),
(164 ,18 , 1),
(164 ,19 , 1),
(164 ,20 , 1),
(164 ,21 , 1),
(164 ,22 , 1),
(164 ,23 , 1),
(165 ,13 , 1),
(165 ,14 , 1),
(165 ,15 , 1),
(165 ,16 , 1),
(165 ,17 , 1),
(165 ,18 , 1),
(165 ,19 , 1),
(165 ,20 , 1),
(165 ,21 , 1),
(165 ,22 , 1),
(165 ,23 , 1),
(166 ,13 , 1),
(166 ,14 , 1),
(166 ,15 , 1),
(166 ,16 , 1),
(166 ,17 , 1),
(166 ,18 , 1),
(166 ,19 , 1),
(166 ,20 , 1),
(166 ,21 , 1),
(166 ,22 , 1),
(166 ,23 , 1),
(167 ,13 , 1),
(167 ,14 , 1),
(167 ,15 , 1),
(167 ,16 , 1),
(167 ,17 , 1),
(167 ,18 , 1),
(167 ,19 , 1),
(167 ,20 , 1),
(167 ,21 , 1),
(167 ,22 , 1),
(167 ,23 , 1),
(168 ,13 , 1),
(168 ,14 , 1),
(168 ,15 , 1),
(168 ,16 , 1),
(168 ,17 , 1),
(168 ,18 , 1),
(168 ,19 , 1),
(168 ,20 , 1),
(168 ,21 , 1),
(168 ,22 , 1),
(168 ,23 , 1),
(169 ,13 , 1),
(169 ,14 , 1),
(169 ,15 , 1),
(169 ,16 , 1),
(169 ,17 , 1),
(169 ,18 , 1),
(169 ,19 , 1),
(169 ,20 , 1),
(169 ,21 , 1),
(169 ,22 , 1),
(169 ,23 , 1),
(170 ,13 , 1),
(170 ,14 , 1),
(170 ,15 , 1),
(170 ,16 , 1),
(170 ,17 , 1),
(170 ,18 , 1),
(170 ,19 , 1),
(170 ,20 , 1),
(170 ,21 , 1),
(170 ,22 , 1),
(170 ,23 , 1),
(171 ,13 , 1),
(171 ,14 , 1),
(171 ,15 , 1),
(171 ,16 , 1),
(171 ,17 , 1),
(171 ,18 , 1),
(171 ,19 , 1),
(171 ,20 , 1),
(171 ,21 , 1),
(171 ,22 , 1),
(171 ,23 , 1),
(172 ,13 , 1),
(172 ,14 , 1),
(172 ,15 , 1),
(172 ,16 , 1),
(172 ,17 , 1),
(172 ,18 , 1),
(172 ,19 , 1),
(172 ,20 , 1),
(172 ,21 , 1),
(172 ,22 , 1),
(172 ,23 , 1),
(173 ,13 , 1),
(173 ,14 , 1),
(173 ,15 , 1),
(173 ,16 , 1),
(173 ,17 , 1),
(173 ,18 , 1),
(173 ,19 , 1),
(173 ,20 , 1),
(173 ,21 , 1),
(173 ,22 , 1),
(173 ,23 , 1),
(174 ,13 , 1),
(174 ,14 , 1),
(174 ,15 , 1),
(174 ,16 , 1),
(174 ,17 , 1),
(174 ,18 , 1),
(174 ,19 , 1),
(174 ,20 , 1),
(174 ,21 , 1),
(174 ,22 , 1),
(174 ,23 , 1),
(175 ,13 , 1),
(175 ,14 , 1),
(175 ,15 , 1),
(175 ,16 , 1),
(175 ,17 , 1),
(175 ,18 , 1),
(175 ,19 , 1),
(175 ,20 , 1),
(175 ,21 , 1),
(175 ,22 , 1),
(175 ,23 , 1),
(176 ,13 , 1),
(176 ,14 , 1),
(176 ,15 , 1),
(176 ,16 , 1),
(176 ,17 , 1),
(176 ,18 , 1),
(176 ,19 , 1),
(176 ,20 , 1),
(176 ,21 , 1),
(176 ,22 , 1),
(176 ,23 , 1),
(177 ,13 , 1),
(177 ,14 , 1),
(177 ,15 , 1),
(177 ,16 , 1),
(177 ,17 , 1),
(177 ,18 , 1),
(177 ,19 , 1),
(177 ,20 , 1),
(177 ,21 , 1),
(177 ,22 , 1),
(177 ,23 , 1),
(178 ,13 , 1),
(178 ,14 , 1),
(178 ,15 , 1),
(178 ,16 , 1),
(178 ,17 , 1),
(178 ,18 , 1),
(178 ,19 , 1),
(178 ,20 , 1),
(178 ,21 , 1),
(178 ,22 , 1),
(178 ,23 , 1),
(179 ,13 , 1),
(179 ,14 , 1),
(179 ,15 , 1),
(179 ,16 , 1),
(179 ,17 , 1),
(179 ,18 , 1),
(179 ,19 , 1),
(179 ,20 , 1),
(179 ,21 , 1),
(179 ,22 , 1),
(179 ,23 , 1),
(180 ,13 , 1),
(180 ,14 , 1),
(180 ,15 , 1),
(180 ,16 , 1),
(180 ,17 , 1),
(180 ,18 , 1),
(180 ,19 , 1),
(180 ,20 , 1),
(180 ,21 , 1),
(180 ,22 , 1),
(180 ,23 , 1),
(181 ,13 , 1),
(181 ,14 , 1),
(181 ,15 , 1),
(181 ,16 , 1),
(181 ,17 , 1),
(181 ,18 , 1),
(181 ,19 , 1),
(181 ,20 , 1),
(181 ,21 , 1),
(181 ,22 , 1),
(181 ,23 , 1),
(182 ,13 , 1),
(182 ,14 , 1),
(182 ,15 , 1),
(182 ,16 , 1),
(182 ,17 , 1),
(182 ,18 , 1),
(182 ,19 , 1),
(182 ,20 , 1),
(182 ,21 , 1),
(182 ,22 , 1),
(182 ,23 , 1),
(183 ,13 , 1),
(183 ,14 , 1),
(183 ,15 , 1),
(183 ,16 , 1),
(183 ,17 , 1),
(183 ,18 , 1),
(183 ,19 , 1),
(183 ,20 , 1),
(183 ,21 , 1),
(183 ,22 , 1),
(183 ,23 , 1),
(184 ,13 , 1),
(184 ,14 , 1),
(184 ,15 , 1),
(184 ,16 , 1),
(184 ,17 , 1),
(184 ,18 , 1),
(184 ,19 , 1),
(184 ,20 , 1),
(184 ,21 , 1),
(184 ,22 , 1),
(184 ,23 , 1),
(185 ,13 , 1),
(185 ,14 , 1),
(185 ,15 , 1),
(185 ,16 , 1),
(185 ,17 , 1),
(185 ,18 , 1),
(185 ,19 , 1),
(185 ,20 , 1),
(185 ,21 , 1),
(185 ,22 , 1),
(185 ,23 , 1),
(186 ,13 , 1),
(186 ,14 , 1),
(186 ,15 , 1),
(186 ,16 , 1),
(186 ,17 , 1),
(186 ,18 , 1),
(186 ,19 , 1),
(186 ,20 , 1),
(186 ,21 , 1),
(186 ,22 , 1),
(186 ,23 , 1),
(187 ,13 , 1),
(187 ,14 , 1),
(187 ,15 , 1),
(187 ,16 , 1),
(187 ,17 , 1),
(187 ,18 , 1),
(187 ,19 , 1),
(187 ,20 , 1),
(187 ,21 , 1),
(187 ,22 , 1),
(187 ,23 , 1),
(188 ,13 , 1),
(188 ,14 , 1),
(188 ,15 , 1),
(188 ,16 , 1),
(188 ,17 , 1),
(188 ,18 , 1),
(188 ,19 , 1),
(188 ,20 , 1),
(188 ,21 , 1),
(188 ,22 , 1),
(188 ,23 , 1),
(189 ,13 , 1),
(189 ,14 , 1),
(189 ,15 , 1),
(189 ,16 , 1),
(189 ,17 , 1),
(189 ,18 , 1),
(189 ,19 , 1),
(189 ,20 , 1),
(189 ,21 , 1),
(189 ,22 , 1),
(189 ,23 , 1),
(190 ,13 , 1),
(190 ,14 , 1),
(190 ,15 , 1),
(190 ,16 , 1),
(190 ,17 , 1),
(190 ,18 , 1),
(190 ,19 , 1),
(190 ,20 , 1),
(190 ,21 , 1),
(190 ,22 , 1),
(190 ,23 , 1),
(191 ,13 , 1),
(191 ,14 , 1),
(191 ,15 , 1),
(191 ,16 , 1),
(191 ,17 , 1),
(191 ,18 , 1),
(191 ,19 , 1),
(191 ,20 , 1),
(191 ,21 , 1),
(191 ,22 , 1),
(191 ,23 , 1),
(192 ,13 , 1),
(192 ,14 , 1),
(192 ,15 , 1),
(192 ,16 , 1),
(192 ,17 , 1),
(192 ,18 , 1),
(192 ,19 , 1),
(192 ,20 , 1),
(192 ,21 , 1),
(192 ,22 , 1),
(192 ,23 , 1),
(193 ,13 , 1),
(193 ,14 , 1),
(193 ,15 , 1),
(193 ,16 , 1),
(193 ,17 , 1),
(193 ,18 , 1),
(193 ,19 , 1),
(193 ,20 , 1),
(193 ,21 , 1),
(193 ,22 , 1),
(193 ,23 , 1),
(194 ,13 , 1),
(194 ,14 , 1),
(194 ,15 , 1),
(194 ,16 , 1),
(194 ,17 , 1),
(194 ,18 , 1),
(194 ,19 , 1),
(194 ,20 , 1),
(194 ,21 , 1),
(194 ,22 , 1),
(194 ,23 , 1),
(195 ,13 , 1),
(195 ,14 , 1),
(195 ,15 , 1),
(195 ,16 , 1),
(195 ,17 , 1),
(195 ,18 , 1),
(195 ,19 , 1),
(195 ,20 , 1),
(195 ,21 , 1),
(195 ,22 , 1),
(195 ,23 , 1),
(196 ,13 , 1),
(196 ,14 , 1),
(196 ,15 , 1),
(196 ,16 , 1),
(196 ,17 , 1),
(196 ,18 , 1),
(196 ,19 , 1),
(196 ,20 , 1),
(196 ,21 , 1),
(196 ,22 , 1),
(196 ,23 , 1),
(197 ,13 , 1),
(197 ,14 , 1),
(197 ,15 , 1),
(197 ,16 , 1),
(197 ,17 , 1),
(197 ,18 , 1),
(197 ,19 , 1),
(197 ,20 , 1),
(197 ,21 , 1),
(197 ,22 , 1),
(197 ,23 , 1),
(198 ,13 , 1),
(198 ,14 , 1),
(198 ,15 , 1),
(198 ,16 , 1),
(198 ,17 , 1),
(198 ,18 , 1),
(198 ,19 , 1),
(198 ,20 , 1),
(198 ,21 , 1),
(198 ,22 , 1),
(198 ,23 , 1),
(199 ,13 , 1),
(199 ,14 , 1),
(199 ,15 , 1),
(199 ,16 , 1),
(199 ,17 , 1),
(199 ,18 , 1),
(199 ,19 , 1),
(199 ,20 , 1),
(199 ,21 , 1),
(199 ,22 , 1),
(199 ,23 , 1),
(200 ,13 , 1),
(200 ,14 , 1),
(200 ,15 , 1),
(200 ,16 , 1),
(200 ,17 , 1),
(200 ,18 , 1),
(200 ,19 , 1),
(200 ,20 , 1),
(200 ,21 , 1),
(200 ,22 , 1),
(200 ,23 , 1),
(201 ,13 , 1),
(201 ,14 , 1),
(201 ,15 , 1),
(201 ,16 , 1),
(201 ,17 , 1),
(201 ,18 , 1),
(201 ,19 , 1),
(201 ,20 , 1),
(201 ,21 , 1),
(201 ,22 , 1),
(201 ,23 , 1),
(202 ,13 , 1),
(202 ,14 , 1),
(202 ,15 , 1),
(202 ,16 , 1),
(202 ,17 , 1),
(202 ,18 , 1),
(202 ,19 , 1),
(202 ,20 , 1),
(202 ,21 , 1),
(202 ,22 , 1),
(202 ,23 , 1),
(203 ,13 , 1),
(203 ,14 , 1),
(203 ,15 , 1),
(203 ,16 , 1),
(203 ,17 , 1),
(203 ,18 , 1),
(203 ,19 , 1),
(203 ,20 , 1),
(203 ,21 , 1),
(203 ,22 , 1),
(203 ,23 , 1),
(204 ,13 , 1),
(204 ,14 , 1),
(204 ,15 , 1),
(204 ,16 , 1),
(204 ,17 , 1),
(204 ,18 , 1),
(204 ,19 , 1),
(204 ,20 , 1),
(204 ,21 , 1),
(204 ,22 , 1),
(204 ,23 , 1),
(205 ,13 , 1),
(205 ,14 , 1),
(205 ,15 , 1),
(205 ,16 , 1),
(205 ,17 , 1),
(205 ,18 , 1),
(205 ,19 , 1),
(205 ,20 , 1),
(205 ,21 , 1),
(205 ,22 , 1),
(205 ,23 , 1),
(206 ,13 , 1),
(206 ,14 , 1),
(206 ,15 , 1),
(206 ,16 , 1),
(206 ,17 , 1),
(206 ,18 , 1),
(206 ,19 , 1),
(206 ,20 , 1),
(206 ,21 , 1),
(206 ,22 , 1),
(206 ,23 , 1),
(207 ,13 , 1),
(207 ,14 , 1),
(207 ,15 , 1),
(207 ,16 , 1),
(207 ,17 , 1),
(207 ,18 , 1),
(207 ,19 , 1),
(207 ,20 , 1),
(207 ,21 , 1),
(207 ,22 , 1),
(207 ,23 , 1),
(208 ,13 , 1),
(208 ,14 , 1),
(208 ,15 , 1),
(208 ,16 , 1),
(208 ,17 , 1),
(208 ,18 , 1),
(208 ,19 , 1),
(208 ,20 , 1),
(208 ,21 , 1),
(208 ,22 , 1),
(208 ,23 , 1),
(209 ,13 , 1),
(209 ,14 , 1),
(209 ,15 , 1),
(209 ,16 , 1),
(209 ,17 , 1),
(209 ,18 , 1),
(209 ,19 , 1),
(209 ,20 , 1),
(209 ,21 , 1),
(209 ,22 , 1),
(209 ,23 , 1),
(210 ,13 , 1),
(210 ,14 , 1),
(210 ,15 , 1),
(210 ,16 , 1),
(210 ,17 , 1),
(210 ,18 , 1),
(210 ,19 , 1),
(210 ,20 , 1),
(210 ,21 , 1),
(210 ,22 , 1),
(210 ,23 , 1),
(211 ,13 , 1),
(211 ,14 , 1),
(211 ,15 , 1),
(211 ,16 , 1),
(211 ,17 , 1),
(211 ,18 , 1),
(211 ,19 , 1),
(211 ,20 , 1),
(211 ,21 , 1),
(211 ,22 , 1),
(211 ,23 , 1),
(212 ,13 , 1),
(212 ,14 , 1),
(212 ,15 , 1),
(212 ,16 , 1),
(212 ,17 , 1),
(212 ,18 , 1),
(212 ,19 , 1),
(212 ,20 , 1),
(212 ,21 , 1),
(212 ,22 , 1),
(212 ,23 , 1),
(213 ,13 , 1),
(213 ,14 , 1),
(213 ,15 , 1),
(213 ,16 , 1),
(213 ,17 , 1),
(213 ,18 , 1),
(213 ,19 , 1),
(213 ,20 , 1),
(213 ,21 , 1),
(213 ,22 , 1),
(213 ,23 , 1),
(214 ,13 , 1),
(214 ,14 , 1),
(214 ,15 , 1),
(214 ,16 , 1),
(214 ,17 , 1),
(214 ,18 , 1),
(214 ,19 , 1),
(214 ,20 , 1),
(214 ,21 , 1),
(214 ,22 , 1),
(214 ,23 , 1),
(215 ,13 , 1),
(215 ,14 , 1),
(215 ,15 , 1),
(215 ,16 , 1),
(215 ,17 , 1),
(215 ,18 , 1),
(215 ,19 , 1),
(215 ,20 , 1),
(215 ,21 , 1),
(215 ,22 , 1),
(215 ,23 , 1),
(216 ,13 , 1),
(216 ,14 , 1),
(216 ,15 , 1),
(216 ,16 , 1),
(216 ,17 , 1),
(216 ,18 , 1),
(216 ,19 , 1),
(216 ,20 , 1),
(216 ,21 , 1),
(216 ,22 , 1),
(216 ,23 , 1),
(217 ,13 , 1),
(217 ,14 , 1),
(217 ,15 , 1),
(217 ,16 , 1),
(217 ,17 , 1),
(217 ,18 , 1),
(217 ,19 , 1),
(217 ,20 , 1),
(217 ,21 , 1),
(217 ,22 , 1),
(217 ,23 , 1),
(218 ,13 , 1),
(218 ,14 , 1),
(218 ,15 , 1),
(218 ,16 , 1),
(218 ,17 , 1),
(218 ,18 , 1),
(218 ,19 , 1),
(218 ,20 , 1),
(218 ,21 , 1),
(218 ,22 , 1),
(218 ,23 , 1),
(219 ,13 , 1),
(219 ,14 , 1),
(219 ,15 , 1),
(219 ,16 , 1),
(219 ,17 , 1),
(219 ,18 , 1),
(219 ,19 , 1),
(219 ,20 , 1),
(219 ,21 , 1),
(219 ,22 , 1),
(219 ,23 , 1),
(220 ,13 , 1),
(220 ,14 , 1),
(220 ,15 , 1),
(220 ,16 , 1),
(220 ,17 , 1),
(220 ,18 , 1),
(220 ,19 , 1),
(220 ,20 , 1),
(220 ,21 , 1),
(220 ,22 , 1),
(220 ,23 , 1),
(221 ,13 , 1),
(221 ,14 , 1),
(221 ,15 , 1),
(221 ,16 , 1),
(221 ,17 , 1),
(221 ,18 , 1),
(221 ,19 , 1),
(221 ,20 , 1),
(221 ,21 , 1),
(221 ,22 , 1),
(221 ,23 , 1),
(222 ,13 , 1),
(222 ,14 , 1),
(222 ,15 , 1),
(222 ,16 , 1),
(222 ,17 , 1),
(222 ,18 , 1),
(222 ,19 , 1),
(222 ,20 , 1),
(222 ,21 , 1),
(222 ,22 , 1),
(222 ,23 , 1),
(223 ,13 , 1),
(223 ,14 , 1),
(223 ,15 , 1),
(223 ,16 , 1),
(223 ,17 , 1),
(223 ,18 , 1),
(223 ,19 , 1),
(223 ,20 , 1),
(223 ,21 , 1),
(223 ,22 , 1),
(223 ,23 , 1),
(224 ,13 , 1),
(224 ,14 , 1),
(224 ,15 , 1),
(224 ,16 , 1),
(224 ,17 , 1),
(224 ,18 , 1),
(224 ,19 , 1),
(224 ,20 , 1),
(224 ,21 , 1),
(224 ,22 , 1),
(224 ,23 , 1),
(225 ,13 , 1),
(225 ,14 , 1),
(225 ,15 , 1),
(225 ,16 , 1),
(225 ,17 , 1),
(225 ,18 , 1),
(225 ,19 , 1),
(225 ,20 , 1),
(225 ,21 , 1),
(225 ,22 , 1),
(225 ,23 , 1),
(226 ,13 , 1),
(226 ,14 , 1),
(226 ,15 , 1),
(226 ,16 , 1),
(226 ,17 , 1),
(226 ,18 , 1),
(226 ,19 , 1),
(226 ,20 , 1),
(226 ,21 , 1),
(226 ,22 , 1),
(226 ,23 , 1),
(227 ,13 , 1),
(227 ,14 , 1),
(227 ,15 , 1),
(227 ,16 , 1),
(227 ,17 , 1),
(227 ,18 , 1),
(227 ,19 , 1),
(227 ,20 , 1),
(227 ,21 , 1),
(227 ,22 , 1),
(227 ,23 , 1),
(228 ,13 , 1),
(228 ,14 , 1),
(228 ,15 , 1),
(228 ,16 , 1),
(228 ,17 , 1),
(228 ,18 , 1),
(228 ,19 , 1),
(228 ,20 , 1),
(228 ,21 , 1),
(228 ,22 , 1),
(228 ,23 , 1),
(229 ,13 , 1),
(229 ,14 , 1),
(229 ,15 , 1),
(229 ,16 , 1),
(229 ,17 , 1),
(229 ,18 , 1),
(229 ,19 , 1),
(229 ,20 , 1),
(229 ,21 , 1),
(229 ,22 , 1),
(229 ,23 , 1),
(230 ,13 , 1),
(230 ,14 , 1),
(230 ,15 , 1),
(230 ,16 , 1),
(230 ,17 , 1),
(230 ,18 , 1),
(230 ,19 , 1),
(230 ,20 , 1),
(230 ,21 , 1),
(230 ,22 , 1),
(230 ,23 , 1),
(231 ,13 , 1),
(231 ,14 , 1),
(231 ,15 , 1),
(231 ,16 , 1),
(231 ,17 , 1),
(231 ,18 , 1),
(231 ,19 , 1),
(231 ,20 , 1),
(231 ,21 , 1),
(231 ,22 , 1),
(231 ,23 , 1),
(232 ,13 , 1),
(232 ,14 , 1),
(232 ,15 , 1),
(232 ,16 , 1),
(232 ,17 , 1),
(232 ,18 , 1),
(232 ,19 , 1),
(232 ,20 , 1),
(232 ,21 , 1),
(232 ,22 , 1),
(232 ,23 , 1),
(233 ,13 , 1),
(233 ,14 , 1),
(233 ,15 , 1),
(233 ,16 , 1),
(233 ,17 , 1),
(233 ,18 , 1),
(233 ,19 , 1),
(233 ,20 , 1),
(233 ,21 , 1),
(233 ,22 , 1),
(233 ,23 , 1),
(234 ,13 , 1),
(234 ,14 , 1),
(234 ,15 , 1),
(234 ,16 , 1),
(234 ,17 , 1),
(234 ,18 , 1),
(234 ,19 , 1),
(234 ,20 , 1),
(234 ,21 , 1),
(234 ,22 , 1),
(234 ,23 , 1),
(235 ,13 , 1),
(235 ,14 , 1),
(235 ,15 , 1),
(235 ,16 , 1),
(235 ,17 , 1),
(235 ,18 , 1),
(235 ,19 , 1),
(235 ,20 , 1),
(235 ,21 , 1),
(235 ,22 , 1),
(235 ,23 , 1),
(236 ,13 , 1),
(236 ,14 , 1),
(236 ,15 , 1),
(236 ,16 , 1),
(236 ,17 , 1),
(236 ,18 , 1),
(236 ,19 , 1),
(236 ,20 , 1),
(236 ,21 , 1),
(236 ,22 , 1),
(236 ,23 , 1),
(237 ,13 , 1),
(237 ,14 , 1),
(237 ,15 , 1),
(237 ,16 , 1),
(237 ,17 , 1),
(237 ,18 , 1),
(237 ,19 , 1),
(237 ,20 , 1),
(237 ,21 , 1),
(237 ,22 , 1),
(237 ,23 , 1),
(238 ,13 , 1),
(238 ,14 , 1),
(238 ,15 , 1),
(238 ,16 , 1),
(238 ,17 , 1),
(238 ,18 , 1),
(238 ,19 , 1),
(238 ,20 , 1),
(238 ,21 , 1),
(238 ,22 , 1),
(238 ,23 , 1),
(239 ,13 , 1),
(239 ,14 , 1),
(239 ,15 , 1),
(239 ,16 , 1),
(239 ,17 , 1),
(239 ,18 , 1),
(239 ,19 , 1),
(239 ,20 , 1),
(239 ,21 , 1),
(239 ,22 , 1),
(239 ,23 , 1),
(240 ,13 , 1),
(240 ,14 , 1),
(240 ,15 , 1),
(240 ,16 , 1),
(240 ,17 , 1),
(240 ,18 , 1),
(240 ,19 , 1),
(240 ,20 , 1),
(240 ,21 , 1),
(240 ,22 , 1),
(240 ,23 , 1),
(241 ,13 , 1),
(241 ,14 , 1),
(241 ,15 , 1),
(241 ,16 , 1),
(241 ,17 , 1),
(241 ,18 , 1),
(241 ,19 , 1),
(241 ,20 , 1),
(241 ,21 , 1),
(241 ,22 , 1),
(241 ,23 , 1),
(242 ,13 , 1),
(242 ,14 , 1),
(242 ,15 , 1),
(242 ,16 , 1),
(242 ,17 , 1),
(242 ,18 , 1),
(242 ,19 , 1),
(242 ,20 , 1),
(242 ,21 , 1),
(242 ,22 , 1),
(242 ,23 , 1),
(243 ,13 , 1),
(243 ,14 , 1),
(243 ,15 , 1),
(243 ,16 , 1),
(243 ,17 , 1),
(243 ,18 , 1),
(243 ,19 , 1),
(243 ,20 , 1),
(243 ,21 , 1),
(243 ,22 , 1),
(243 ,23 , 1),
(244 ,13 , 1),
(244 ,14 , 1),
(244 ,15 , 1),
(244 ,16 , 1),
(244 ,17 , 1),
(244 ,18 , 1),
(244 ,19 , 1),
(244 ,20 , 1),
(244 ,21 , 1),
(244 ,22 , 1),
(244 ,23 , 1),
(245 ,13 , 1),
(245 ,14 , 1),
(245 ,15 , 1),
(245 ,16 , 1),
(245 ,17 , 1),
(245 ,18 , 1),
(245 ,19 , 1),
(245 ,20 , 1),
(245 ,21 , 1),
(245 ,22 , 1),
(245 ,23 , 1),
(246 ,13 , 1),
(246 ,14 , 1),
(246 ,15 , 1),
(246 ,16 , 1),
(246 ,17 , 1),
(246 ,18 , 1),
(246 ,19 , 1),
(246 ,20 , 1),
(246 ,21 , 1),
(246 ,22 , 1),
(246 ,23 , 1),
(247 ,13 , 1),
(247 ,14 , 1),
(247 ,15 , 1),
(247 ,16 , 1),
(247 ,17 , 1),
(247 ,18 , 1),
(247 ,19 , 1),
(247 ,20 , 1),
(247 ,21 , 1),
(247 ,22 , 1),
(247 ,23 , 1),
(248 ,13 , 1),
(248 ,14 , 1),
(248 ,15 , 1),
(248 ,16 , 1),
(248 ,17 , 1),
(248 ,18 , 1),
(248 ,19 , 1),
(248 ,20 , 1),
(248 ,21 , 1),
(248 ,22 , 1),
(248 ,23 , 1),
(249 ,13 , 1),
(249 ,14 , 1),
(249 ,15 , 1),
(249 ,16 , 1),
(249 ,17 , 1),
(249 ,18 , 1),
(249 ,19 , 1),
(249 ,20 , 1),
(249 ,21 , 1),
(249 ,22 , 1),
(249 ,23 , 1),
(250 ,13 , 1),
(250 ,14 , 1),
(250 ,15 , 1),
(250 ,16 , 1),
(250 ,17 , 1),
(250 ,18 , 1),
(250 ,19 , 1),
(250 ,20 , 1),
(250 ,21 , 1),
(250 ,22 , 1),
(250 ,23 , 1),
(251 ,13 , 1),
(251 ,14 , 1),
(251 ,15 , 1),
(251 ,16 , 1),
(251 ,17 , 1),
(251 ,18 , 1),
(251 ,19 , 1),
(251 ,20 , 1),
(251 ,21 , 1),
(251 ,22 , 1),
(251 ,23 , 1),
(252 ,13 , 1),
(252 ,14 , 1),
(252 ,15 , 1),
(252 ,16 , 1),
(252 ,17 , 1),
(252 ,18 , 1),
(252 ,19 , 1),
(252 ,20 , 1),
(252 ,21 , 1),
(252 ,22 , 1),
(252 ,23 , 1),
(253 ,13 , 1),
(253 ,14 , 1),
(253 ,15 , 1),
(253 ,16 , 1),
(253 ,17 , 1),
(253 ,18 , 1),
(253 ,19 , 1),
(253 ,20 , 1),
(253 ,21 , 1),
(253 ,22 , 1),
(253 ,23 , 1),
(254 ,13 , 1),
(254 ,14 , 1),
(254 ,15 , 1),
(254 ,16 , 1),
(254 ,17 , 1),
(254 ,18 , 1),
(254 ,19 , 1),
(254 ,20 , 1),
(254 ,21 , 1),
(254 ,22 , 1),
(254 ,23 , 1),
(255 ,13 , 1),
(255 ,14 , 1),
(255 ,15 , 1),
(255 ,16 , 1),
(255 ,17 , 1),
(255 ,18 , 1),
(255 ,19 , 1),
(255 ,20 , 1),
(255 ,21 , 1),
(255 ,22 , 1),
(255 ,23 , 1),
(256 ,13 , 1),
(256 ,14 , 1),
(256 ,15 , 1),
(256 ,16 , 1),
(256 ,17 , 1),
(256 ,18 , 1),
(256 ,19 , 1),
(256 ,20 , 1),
(256 ,21 , 1),
(256 ,22 , 1),
(256 ,23 , 1),
(257 ,13 , 1),
(257 ,14 , 1),
(257 ,15 , 1),
(257 ,16 , 1),
(257 ,17 , 1),
(257 ,18 , 1),
(257 ,19 , 1),
(257 ,20 , 1),
(257 ,21 , 1),
(257 ,22 , 1),
(257 ,23 , 1),
(258 ,13 , 1),
(258 ,14 , 1),
(258 ,15 , 1),
(258 ,16 , 1),
(258 ,17 , 1),
(258 ,18 , 1),
(258 ,19 , 1),
(258 ,20 , 1),
(258 ,21 , 1),
(258 ,22 , 1),
(258 ,23 , 1),
(259 ,13 , 1),
(259 ,14 , 1),
(259 ,15 , 1),
(259 ,16 , 1),
(259 ,17 , 1),
(259 ,18 , 1),
(259 ,19 , 1),
(259 ,20 , 1),
(259 ,21 , 1),
(259 ,22 , 1),
(259 ,23 , 1),
(260 ,13 , 1),
(260 ,14 , 1),
(260 ,15 , 1),
(260 ,16 , 1),
(260 ,17 , 1),
(260 ,18 , 1),
(260 ,19 , 1),
(260 ,20 , 1),
(260 ,21 , 1),
(260 ,22 , 1),
(260 ,23 , 1),
(261 ,13 , 1),
(261 ,14 , 1),
(261 ,15 , 1),
(261 ,16 , 1),
(261 ,17 , 1),
(261 ,18 , 1),
(261 ,19 , 1),
(261 ,20 , 1),
(261 ,21 , 1),
(261 ,22 , 1),
(261 ,23 , 1),
(262 ,13 , 1),
(262 ,14 , 1),
(262 ,15 , 1),
(262 ,16 , 1),
(262 ,17 , 1),
(262 ,18 , 1),
(262 ,19 , 1),
(262 ,20 , 1),
(262 ,21 , 1),
(262 ,22 , 1),
(262 ,23 , 1),
(263 ,13 , 1),
(263 ,14 , 1),
(263 ,15 , 1),
(263 ,16 , 1),
(263 ,17 , 1),
(263 ,18 , 1),
(263 ,19 , 1),
(263 ,20 , 1),
(263 ,21 , 1),
(263 ,22 , 1),
(263 ,23 , 1),
(264 ,13 , 1),
(264 ,14 , 1),
(264 ,15 , 1),
(264 ,16 , 1),
(264 ,17 , 1),
(264 ,18 , 1),
(264 ,19 , 1),
(264 ,20 , 1),
(264 ,21 , 1),
(264 ,22 , 1),
(264 ,23 , 1),
(265 ,13 , 1),
(265 ,14 , 1),
(265 ,15 , 1),
(265 ,16 , 1),
(265 ,17 , 1),
(265 ,18 , 1),
(265 ,19 , 1),
(265 ,20 , 1),
(265 ,21 , 1),
(265 ,22 , 1),
(265 ,23 , 1),
(266 ,13 , 1),
(266 ,14 , 1),
(266 ,15 , 1),
(266 ,16 , 1),
(266 ,17 , 1),
(266 ,18 , 1),
(266 ,19 , 1),
(266 ,20 , 1),
(266 ,21 , 1),
(266 ,22 , 1),
(266 ,23 , 1),
(267 ,13 , 1),
(267 ,14 , 1),
(267 ,15 , 1),
(267 ,16 , 1),
(267 ,17 , 1),
(267 ,18 , 1),
(267 ,19 , 1),
(267 ,20 , 1),
(267 ,21 , 1),
(267 ,22 , 1),
(267 ,23 , 1),
(268 ,13 , 1),
(268 ,14 , 1),
(268 ,15 , 1),
(268 ,16 , 1),
(268 ,17 , 1),
(268 ,18 , 1),
(268 ,19 , 1),
(268 ,20 , 1),
(268 ,21 , 1),
(268 ,22 , 1),
(268 ,23 , 1),
(269 ,13 , 1),
(269 ,14 , 1),
(269 ,15 , 1),
(269 ,16 , 1),
(269 ,17 , 1),
(269 ,18 , 1),
(269 ,19 , 1),
(269 ,20 , 1),
(269 ,21 , 1),
(269 ,22 , 1),
(269 ,23 , 1),
(270 ,13 , 1),
(270 ,14 , 1),
(270 ,15 , 1),
(270 ,16 , 1),
(270 ,17 , 1),
(270 ,18 , 1),
(270 ,19 , 1),
(270 ,20 , 1),
(270 ,21 , 1),
(270 ,22 , 1),
(270 ,23 , 1),
(271 ,13 , 1),
(271 ,14 , 1),
(271 ,15 , 1),
(271 ,16 , 1),
(271 ,17 , 1),
(271 ,18 , 1),
(271 ,19 , 1),
(271 ,20 , 1),
(271 ,21 , 1),
(271 ,22 , 1),
(271 ,23 , 1),
(272 ,13 , 1),
(272 ,14 , 1),
(272 ,15 , 1),
(272 ,16 , 1),
(272 ,17 , 1),
(272 ,18 , 1),
(272 ,19 , 1),
(272 ,20 , 1),
(272 ,21 , 1),
(272 ,22 , 1),
(272 ,23 , 1),
(273 ,13 , 1),
(273 ,14 , 1),
(273 ,15 , 1),
(273 ,16 , 1),
(273 ,17 , 1),
(273 ,18 , 1),
(273 ,19 , 1),
(273 ,20 , 1),
(273 ,21 , 1),
(273 ,22 , 1),
(273 ,23 , 1),
(274 ,13 , 1),
(274 ,14 , 1),
(274 ,15 , 1),
(274 ,16 , 1),
(274 ,17 , 1),
(274 ,18 , 1),
(274 ,19 , 1),
(274 ,20 , 1),
(274 ,21 , 1),
(274 ,22 , 1),
(274 ,23 , 1),
(275 ,13 , 1),
(275 ,14 , 1),
(275 ,15 , 1),
(275 ,16 , 1),
(275 ,17 , 1),
(275 ,18 , 1),
(275 ,19 , 1),
(275 ,20 , 1),
(275 ,21 , 1),
(275 ,22 , 1),
(275 ,23 , 1),
(276 ,13 , 1),
(276 ,14 , 1),
(276 ,15 , 1),
(276 ,16 , 1),
(276 ,17 , 1),
(276 ,18 , 1),
(276 ,19 , 1),
(276 ,20 , 1),
(276 ,21 , 1),
(276 ,22 , 1),
(276 ,23 , 1),
(277 ,13 , 1),
(277 ,14 , 1),
(277 ,15 , 1),
(277 ,16 , 1),
(277 ,17 , 1),
(277 ,18 , 1),
(277 ,19 , 1),
(277 ,20 , 1),
(277 ,21 , 1),
(277 ,22 , 1),
(277 ,23 , 1),
(278 ,13 , 1),
(278 ,14 , 1),
(278 ,15 , 1),
(278 ,16 , 1),
(278 ,17 , 1),
(278 ,18 , 1),
(278 ,19 , 1),
(278 ,20 , 1),
(278 ,21 , 1),
(278 ,22 , 1),
(278 ,23 , 1),
(279 ,13 , 1),
(279 ,14 , 1),
(279 ,15 , 1),
(279 ,16 , 1),
(279 ,17 , 1),
(279 ,18 , 1),
(279 ,19 , 1),
(279 ,20 , 1),
(279 ,21 , 1),
(279 ,22 , 1),
(279 ,23 , 1),
(280 ,13 , 1),
(280 ,14 , 1),
(280 ,15 , 1),
(280 ,16 , 1),
(280 ,17 , 1),
(280 ,18 , 1),
(280 ,19 , 1),
(280 ,20 , 1),
(280 ,21 , 1),
(280 ,22 , 1),
(280 ,23 , 1),
(281 ,13 , 1),
(281 ,14 , 1),
(281 ,15 , 1),
(281 ,16 , 1),
(281 ,17 , 1),
(281 ,18 , 1),
(281 ,19 , 1),
(281 ,20 , 1),
(281 ,21 , 1),
(281 ,22 , 1),
(281 ,23 , 1),
(282 ,13 , 1),
(282 ,14 , 1),
(282 ,15 , 1),
(282 ,16 , 1),
(282 ,17 , 1),
(282 ,18 , 1),
(282 ,19 , 1),
(282 ,20 , 1),
(282 ,21 , 1),
(282 ,22 , 1),
(282 ,23 , 1),
(283 ,13 , 1),
(283 ,14 , 1),
(283 ,15 , 1),
(283 ,16 , 1),
(283 ,17 , 1),
(283 ,18 , 1),
(283 ,19 , 1),
(283 ,20 , 1),
(283 ,21 , 1),
(283 ,22 , 1),
(283 ,23 , 1),
(284 ,13 , 1),
(284 ,14 , 1),
(284 ,15 , 1),
(284 ,16 , 1),
(284 ,17 , 1),
(284 ,18 , 1),
(284 ,19 , 1),
(284 ,20 , 1),
(284 ,21 , 1),
(284 ,22 , 1),
(284 ,23 , 1),
(285 ,13 , 1),
(285 ,14 , 1),
(285 ,15 , 1),
(285 ,16 , 1),
(285 ,17 , 1),
(285 ,18 , 1),
(285 ,19 , 1),
(285 ,20 , 1),
(285 ,21 , 1),
(285 ,22 , 1),
(285 ,23 , 1),
(286 ,13 , 1),
(286 ,14 , 1),
(286 ,15 , 1),
(286 ,16 , 1),
(286 ,17 , 1),
(286 ,18 , 1),
(286 ,19 , 1),
(286 ,20 , 1),
(286 ,21 , 1),
(286 ,22 , 1),
(286 ,23 , 1),
(287 ,13 , 1),
(287 ,14 , 1),
(287 ,15 , 1),
(287 ,16 , 1),
(287 ,17 , 1),
(287 ,18 , 1),
(287 ,19 , 1),
(287 ,20 , 1),
(287 ,21 , 1),
(287 ,22 , 1),
(287 ,23 , 1),
(288 ,13 , 1),
(288 ,14 , 1),
(288 ,15 , 1),
(288 ,16 , 1),
(288 ,17 , 1),
(288 ,18 , 1),
(288 ,19 , 1),
(288 ,20 , 1),
(288 ,21 , 1),
(288 ,22 , 1),
(288 ,23 , 1),
(289 ,13 , 1),
(289 ,14 , 1),
(289 ,15 , 1),
(289 ,16 , 1),
(289 ,17 , 1),
(289 ,18 , 1),
(289 ,19 , 1),
(289 ,20 , 1),
(289 ,21 , 1),
(289 ,22 , 1),
(289 ,23 , 1);


-- --------------------------------------------------------
-- --------------------------------------------------------



INSERT INTO `utilisateur` (`id_user`, `login`, `pwd`, `active`, `code`, `id_role`) VALUES
(1, 'admin@supnum.mr', '25f9e794323b453885f5181f1b624d0b', 1, '0', 1),
(2, 'meya.haroune@supnum.mr', '25f9e794323b453885f5181f1b624d0b', 1, '0', 2),
(3, '22031@supnum.mr', '074037e47c915cefeae0fce2bd7f5198', 1, NULL, 3),
(4, '22036@supnum.mr', '3ed8ac56b4f1942ef9a90256387605c8', 1, NULL, 3),
(5, '23020@supnum.mr', 'f0b813692996a4dc72ea7418014829ce', 1, NULL, 3),
(6, '23022@supnum.mr', 'aad8f76091bfc04e5a6beef9be0da5d1', 1, NULL, 3),
(7, '23043@supnum.mr', 'e4d99fd3bd7d731622331f6abbbbbd5e', 1, NULL, 3),
(8, '23046@supnum.mr', '278496c6463ae0a582f3e404cf8d6f91', 1, NULL, 3),
(9, '23050@supnum.mr', '46dc2191cfde66e541f520976d2ac3c1', 1, NULL, 3),
(10, '23056@supnum.mr', '147bb2feaf17298cd94cc45ad13985fe', 1, NULL, 3),
(11, '23059@supnum.mr', '04086fb5f99bee0d5a5cec54c478f892', 1, NULL, 3),
(12, '23061@supnum.mr', '691e86083c8df5ba56e62ef4ac7e1655', 1, NULL, 3),
(13, '23065@supnum.mr', '364b3a0bf991c552ee0d65b5cd95fc8d', 1, NULL, 3),
(14, '23067@supnum.mr', '5a2cebed21f04751ef4f12d343dd88c7', 1, NULL, 3),
(15, '23074@supnum.mr', 'e61c76b82c3bb244cc6c49369374f0d3', 1, NULL, 3),
(16, '23075@supnum.mr', '7ac8e8e20b8fb2cd8769d89e8000fff5', 1, NULL, 3),
(17, '23077@supnum.mr', '0ecde66a2efc72bf1cf72253192c31f7', 1, NULL, 3),
(18, '23082@supnum.mr', 'b7e7611a80fb43d63e75725fbb164985', 1, NULL, 3),
(19, '23085@supnum.mr', '5cc68653e7937dd43e44ade18f6c13d4', 1, NULL, 3),
(20, '23091@supnum.mr', '892b0a1d43f8b9babd1610e666b227f3', 1, NULL, 3),
(21, '23092@supnum.mr', 'ee50e1929264b24b556d2312543ad580', 1, NULL, 3),
(22, '23099@supnum.mr', 'cdfefd56a00047a869311d8f8820117d', 1, NULL, 3),
(23, '23101@supnum.mr', 'ff9e9ab8891855b604d8ed71ba0e43f2', 1, NULL, 3),
(24, '24001@supnum.mr', '7fe20698896282a5448afbdedb9cede0', 1, NULL, 3),
(25, '24002@supnum.mr', 'aaf3036e0abf5a09215ccd81c0bf12bb', 1, NULL, 3),
(26, '24003@supnum.mr', 'bbc283a479f011c9943c4621ef6ee8c1', 1, NULL, 3),
(27, '24004@supnum.mr', 'ccaa937d053145f6b925d79efacd33e3', 1, NULL, 3),
(28, '24005@supnum.mr', '1cd2a82fa5f377f7dab6c1c7228788fd', 1, NULL, 3),
(29, '24006@supnum.mr', '746fe1a3bdab1343e24d483424e73d13', 1, NULL, 3),
(30, '24007@supnum.mr', '80522f1147744a266a97c911d367d6ab', 1, NULL, 3),
(31, '24008@supnum.mr', 'a65b3ebbef9fdf13034f1d5334bda1d1', 1, NULL, 3),
(32, '24009@supnum.mr', 'c5b21b57c8fe3385287fafa3dba78df7', 1, NULL, 3),
(33, '24010@supnum.mr', 'db860c83898fa2fbe140bf7d5b4f0396', 1, NULL, 3),
(34, '24011@supnum.mr', '1cee9cd238bdadc7d8c373497cdc0f3d', 1, NULL, 3),
(35, '24012@supnum.mr', '32fe57900e208251c445d869db1ffcb6', 1, NULL, 3),
(36, '24013@supnum.mr', '89c9656410e7dc897dd1c7e9db868204', 1, NULL, 3),
(37, '24015@supnum.mr', 'cd64896c768d7cb7034aac58e4591eb7', 1, NULL, 3),
(38, '24016@supnum.mr', '648a1f2ce41c8afe2a6a9aaa7422ca87', 1, NULL, 3),
(39, '24017@supnum.mr', 'a1697bd8dee42a94db0db1a4e6ead9d2', 1, NULL, 3),
(40, '24018@supnum.mr', '5a423b61a203a5a6dedd9df9840f3447', 1, NULL, 3),
(41, '24019@supnum.mr', '434ed7aa31484b72bcda3c7eeb99dbf3', 1, NULL, 3),
(42, '24020@supnum.mr', 'cc296affabeb932eefa2ea8aa4e24087', 1, NULL, 3),
(43, '24021@supnum.mr', '24b44af917d4a70930e6371b88c3077e', 1, NULL, 3),
(44, '24022@supnum.mr', 'ffee4b623f18d1aa72ed943a8abea14c', 1, NULL, 3),
(45, '24023@supnum.mr', '1a7d5f2e292899a030d01edaed99fee6', 1, NULL, 3),
(46, '24024@supnum.mr', '9c3f760b87aca3e7929d6173877a2ef9', 1, NULL, 3),
(47, '24025@supnum.mr', '40dc9d56204cada1de9dedd692b997c3', 1, NULL, 3),
(48, '24026@supnum.mr', '2fee9c410f5ad48c92740e0197f80ef9', 1, NULL, 3),
(49, '24027@supnum.mr', 'ad2965639ccaa53c1784c43067bbf0e1', 1, NULL, 3),
(50, '24028@supnum.mr', '93f9a62196be9011ca9e4b9f63670733', 1, NULL, 3),
(51, '24029@supnum.mr', '95280ed34ed558457ab12e14b1d023f6', 1, NULL, 3),
(52, '24030@supnum.mr', '01ea7bc6bdf56e5cbdecd78592eb9ca2', 1, NULL, 3),
(53, '24031@supnum.mr', '145b916d3c0ca8160ea9106c73e3e992', 1, NULL, 3),
(54, '24032@supnum.mr', '5ced1f190201bd01ff7c5ecfa9bacb75', 1, NULL, 3),
(55, '24033@supnum.mr', '0ac4a46de28b9c1a2011c5c6079ef02c', 1, NULL, 3),
(56, '24034@supnum.mr', '823233a0d567ccdbc5210967fabe8b1c', 1, NULL, 3),
(57, '24035@supnum.mr', 'f250dad834d1856b82babe9d8ce82045', 1, NULL, 3),
(58, '24036@supnum.mr', '62a831fe78313cc25f67a9d9acbd42ab', 1, NULL, 3),
(59, '24037@supnum.mr', 'fc35f11ae0e0603ed0f0bd4a2de6bb13', 1, NULL, 3),
(60, '24038@supnum.mr', 'd2aa171917c981c1f1156b137b139b96', 1, NULL, 3),
(61, '24039@supnum.mr', '21b73232797dff519d384c251eb70618', 1, NULL, 3),
(62, '24040@supnum.mr', 'f104f91065d595b57f3b58a37bb5540a', 1, NULL, 3),
(63, '24041@supnum.mr', '687240a0619aa35aefe9576fbd5d6faf', 1, NULL, 3),
(64, '24042@supnum.mr', '44511ab79dc21251d6f52283c91191ae', 1, NULL, 3),
(65, '24043@supnum.mr', '93b572000ecb5a0fbe499d4cb2f05478', 1, NULL, 3),
(66, '24044@supnum.mr', '8f32dcaca4b0920654925d5b3bed143b', 1, NULL, 3),
(67, '24045@supnum.mr', '58b43cd59c9543cdff8151cc45ebdbba', 1, NULL, 3),
(68, '24046@supnum.mr', '67b3b4a11523517ab7463e9e0806a4ad', 1, NULL, 3),
(69, '24047@supnum.mr', 'e44ea6a1dc78cbb5ef03ae15d77faf90', 1, NULL, 3),
(70, '24048@supnum.mr', 'b765b1983370a2fcfe59aabe9e95b328', 1, NULL, 3),
(71, '24049@supnum.mr', '37cddbef6d7c546fee5a7c5c73b00968', 1, NULL, 3),
(72, '24050@supnum.mr', 'ed214dde75b761a628786cd6e1cdc472', 1, NULL, 3),
(73, '24051@supnum.mr', '84a103b3a13fb90244efa25297e74906', 1, NULL, 3),
(74, '24052@supnum.mr', 'f42493c265e98077f25436fbe5336063', 1, NULL, 3),
(75, '24053@supnum.mr', '2ff814f358a08f37f912b97fb0d685e2', 1, NULL, 3),
(76, '24054@supnum.mr', '3720fd4673eb8b218868531596dbb4ea', 1, NULL, 3),
(77, '24055@supnum.mr', '117745bb65ec4bd5da0c416e62a5d322', 1, NULL, 3),
(78, '24056@supnum.mr', '013e630cc08c0461b6a991531763d41b', 1, NULL, 3),
(79, '24057@supnum.mr', '61ce6cb8672f5db198938a4c571434b9', 1, NULL, 3),
(80, '24058@supnum.mr', 'f24f1da704ca845d0f809fe3208a65aa', 1, NULL, 3),
(81, '24059@supnum.mr', '003456f11f5f4734b81e80846d3dc077', 1, NULL, 3),
(82, '24060@supnum.mr', '7665b6d31ccb88a408d039700c46b996', 1, NULL, 3),
(83, '24061@supnum.mr', '2e79ece52d8b06415ad4b1885fa932c0', 1, NULL, 3),
(84, '24062@supnum.mr', '4550a94611977762f1bd14fbef7bf60e', 1, NULL, 3),
(85, '24063@supnum.mr', '8db48f006fb79821c7508536767432c6', 1, NULL, 3),
(86, '24064@supnum.mr', 'a7bde26c166450a0ed4801769c1cd424', 1, NULL, 3),
(87, '24065@supnum.mr', '527676cd096be7a25c319b6e2cb4c803', 1, NULL, 3),
(88, '24066@supnum.mr', 'dad2c169cf9b5733d47e8583e9f12494', 1, NULL, 3),
(89, '24067@supnum.mr', '29709fb90c72ea98dc3665497210807c', 1, NULL, 3),
(90, '24068@supnum.mr', '86f1fa0c675197c268fb0d5347285c37', 1, NULL, 3),
(91, '24069@supnum.mr', 'c2c675e526956ce8f5fa9f51d911fbf2', 1, NULL, 3),
(92, '24070@supnum.mr', '10f0d19e31f1104e940b3295f8f2ec8e', 1, NULL, 3),
(93, '24071@supnum.mr', '7819dffe6a8e2f1466d8992f06577d19', 1, NULL, 3),
(94, '24072@supnum.mr', '32d1c9a54d67b178cd320b5cccee3f6e', 1, NULL, 3),
(95, '24073@supnum.mr', 'e108e1ef38772303a14dc1dd24abadff', 1, NULL, 3),
(96, '24074@supnum.mr', '76ad2f6a3cf26f35833cb0c4948bbc5c', 1, NULL, 3),
(97, '24075@supnum.mr', '96b63cdf1769cd2631046863f0d75f0e', 1, NULL, 3),
(98, '24076@supnum.mr', '0a3c99a131ae68ea1c744e0f4d7453b2', 1, NULL, 3),
(99, '24077@supnum.mr', '5c27a8c24146e1f399286588578f012c', 1, NULL, 3),
(100, '24078@supnum.mr', '565005e90cc95a37b5890b16840e4999', 1, NULL, 3),
(101, '24080@supnum.mr', 'b88ef789044a05d420a38f9abe1be754', 1, NULL, 3),
(102, '24081@supnum.mr', 'bfe83e1abbf7b68adb2b921ab3bcb0d8', 1, NULL, 3),
(103, '24082@supnum.mr', '3f9c6b4acd67e2c98ce1c4853c333809', 1, NULL, 3),
(104, '24083@supnum.mr', 'ed112de66744f892936ca42f6e1e9a4b', 1, NULL, 3),
(105, '24084@supnum.mr', '5003a955dc3807a9d533a92c6413380b', 1, NULL, 3),
(106, '24085@supnum.mr', '0a271c9c38fd278ebcdb5588fa243849', 1, NULL, 3),
(107, '24086@supnum.mr', '384cc4b47134fe1c3edf147f06e1e6aa', 1, NULL, 3),
(108, '24087@supnum.mr', '63fc916c392e4603ac95cdac2e9fea70', 1, NULL, 3),
(109, '24088@supnum.mr', 'abaa7a61c6e558d8c6a6a163c14a7a26', 1, NULL, 3),
(110, '24089@supnum.mr', '5c76e1d1a0838c73b6a210fd77302f5b', 1, NULL, 3),
(111, '24090@supnum.mr', '1ef76f314e56662fff163d2843f2de7b', 1, NULL, 3),
(112, '24091@supnum.mr', 'a778a17cbbe9292ed0d46b877d43a013', 1, NULL, 3),
(113, '24092@supnum.mr', '05d5d4a89c7bb435ab70b5a6bafe9382', 1, NULL, 3),
(114, '24093@supnum.mr', '39971e90020b10a3aa0b53080e5e9fa1', 1, NULL, 3),
(115, '24094@supnum.mr', '7a6812a8f07b166cd7c59b552022082a', 1, NULL, 3),
(116, '24095@supnum.mr', '9364901f5b99259eb5c66f9a0147befc', 1, NULL, 3),
(117, '24096@supnum.mr', '480c25d36867d4fbd2d6bd485bdd668c', 1, NULL, 3),
(118, '24097@supnum.mr', '53316fcb4df937c0927b18d88a8a69e8', 1, NULL, 3),
(119, '24098@supnum.mr', '54371a1f3806800783d0896a689b08c0', 1, NULL, 3),
(120, '24099@supnum.mr', '5f407b0f5e5a226bedfede3918086e17', 1, NULL, 3),
(121, '24100@supnum.mr', 'cde2c61e9f05635ccccd86028a03d61c', 1, NULL, 3),
(122, '24101@supnum.mr', '8f3b6f9d42e7d54b613ef21a1a2e0f8f', 1, NULL, 3),
(123, '24102@supnum.mr', '30d837eb23a9e78de58de684394440bf', 1, NULL, 3),
(124, '24103@supnum.mr', '45899bfa087fb8bfaf55a161eea9c5ad', 1, NULL, 3),
(125, '24104@supnum.mr', '9dd910baa7fb2fcb2c4f46b501584cf3', 1, NULL, 3),
(126, '24105@supnum.mr', 'b4beb24d6bb837f524a0d7e93cbde306', 1, NULL, 3),
(127, '24106@supnum.mr', '2adb550f1f89d885f2a9ddbad095c7db', 1, NULL, 3),
(128, '24107@supnum.mr', '50bbbfcbeb12c08826c6c09442c11b04', 1, NULL, 3),
(129, '24108@supnum.mr', '5fdc1aa8b56da4b67d30e58ada566dda', 1, NULL, 3),
(130, '24109@supnum.mr', '9c96f77cb15287a9c5ac878a8e962971', 1, NULL, 3),
(131, '24112@supnum.mr', 'b3e779dc3eb984eeeb572be64cd9ef48', 1, NULL, 3),
(132, '24113@supnum.mr', 'da524dfb312fa2666ec474ee3df09ea4', 1, NULL, 3),
(133, '24114@supnum.mr', 'b63e9e90ab2e54ab64951b421263ca22', 1, NULL, 3),
(134, '24115@supnum.mr', '25b11c25dfeedb27503ce259c2287d3b', 1, NULL, 3),
(135, '24116@supnum.mr', '538d6e2c0ac3d5a1f6fe8a7e60b4a9d4', 1, NULL, 3),
(136, '24117@supnum.mr', '2af79c2c3ee16dc3469419c5c67082d6', 1, NULL, 3),
(137, '24118@supnum.mr', 'f0eef776af9294d082fbf96ace26dbb1', 1, NULL, 3),
(138, '24119@supnum.mr', '8a901a7b3fbf492a5b790b5dd3d3caaa', 1, NULL, 3),
(139, '24120@supnum.mr', 'fdfb34e4a99511f9de77af4f3c107949', 1, NULL, 3),
(140, '24121@supnum.mr', '12e0be875f90291dd1c600458ea09c33', 1, NULL, 3),
(141, '24122@supnum.mr', '0ecdb3570cb05ac2ea6ea079f9908c5e', 1, NULL, 3),
(142, '24124@supnum.mr', 'c6278ebb95363bac4f898fd4e32f2cb9', 1, NULL, 3),
(143, '24125@supnum.mr', '7e2f71e4d3bfc12eaed1f3bd5a98c75b', 1, NULL, 3),
(144, '24126@supnum.mr', '6ef7b9692982c8d295f7f3f8281bc84a', 1, NULL, 3),
(145, '24127@supnum.mr', '374225786fdd8c2e6123bba67839551c', 1, NULL, 3),
(146, '24128@supnum.mr', 'd4a49badf0e72c2776f7f0e41e7c1053', 1, NULL, 3),
(147, '24129@supnum.mr', 'e4dc45490abd93cb7792ac48284d1f8e', 1, NULL, 3),
(148, '24130@supnum.mr', 'c1b9d5555b141ec7b8678bd9c04f0b45', 1, NULL, 3),
(149, '24131@supnum.mr', 'e2b34a6ab0c202f3a0c4abcedb01875b', 1, NULL, 3),
(150, '24132@supnum.mr', '607bcec6b156b0cb692e0180d96bbab7', 1, NULL, 3),
(151, '24133@supnum.mr', 'e4dafa6ac87640f6fec1a72b0dfb24a3', 1, NULL, 3),
(152, '24134@supnum.mr', '8a0fde686feb3752962d6f80824ee973', 1, NULL, 3),
(153, '24135@supnum.mr', '44f9a8cc373e58b61201ff0cbd38c147', 1, NULL, 3),
(154, '24136@supnum.mr', 'a8535a64144ad8ad56e8b7ba5ce22384', 1, NULL, 3),
(155, '24137@supnum.mr', '312caa1733e20141de7d987ef7f4d177', 1, NULL, 3),
(156, '24138@supnum.mr', '7c1c536ad63d5500b576c0b71b242338', 1, NULL, 3),
(157, '24139@supnum.mr', '3d48efda96acfab149cfe55e2368d95e', 1, NULL, 3),
(158, '24141@supnum.mr', '90ca99c9ca5ee5acf6bbc30e6dd38f54', 1, NULL, 3),
(159, '24142@supnum.mr', 'b7b113cd9ae2b9fc46f6ef2393154178', 1, NULL, 3),
(160, '24143@supnum.mr', '7d8cc5eef1bb99fb892a726249db1dc1', 1, NULL, 3),
(161, '24144@supnum.mr', '858f27306a69e3eaa6ddb54a3153e200', 1, NULL, 3),
(162, '24145@supnum.mr', 'a1619c341513f362923d7f19316db4e9', 1, NULL, 3),
(163, '24146@supnum.mr', 'fa02390cccf05a7c7149bcb2b6451e1b', 1, NULL, 3),
(164, '24147@supnum.mr', '515c967467d225b42499ea9b86717506', 1, NULL, 3),
(165, '24148@supnum.mr', '6304ba56598fa15621e29813003308ee', 1, NULL, 3),
(166, '24149@supnum.mr', '2bcb487581b8a83c08247b0e9cce04c0', 1, NULL, 3),
(167, '24150@supnum.mr', 'b9b48f8bb2e1a1b985984d08661d5b24', 1, NULL, 3),
(168, '24151@supnum.mr', 'a86d6b14ea712b8ef13c0ed53ffc4b17', 1, NULL, 3),
(169, '24152@supnum.mr', '78135981f8ed910db0a88883121a5e59', 1, NULL, 3),
(170, '24153@supnum.mr', '4ad89e8ab16a1af166f2531430b0547c', 1, NULL, 3),
(171, '24154@supnum.mr', '995a39349d93c8b2f029e45fa7e4ce8e', 1, NULL, 3),
(172, '24155@supnum.mr', '56e9369be23d90792a7be85a5cbc88ec', 1, NULL, 3),
(173, '24156@supnum.mr', 'f231a0505f609127f89e52dceb5ea295', 1, NULL, 3),
(174, '24157@supnum.mr', 'bbb2966d14c466a87fb2f100e8eaa25c', 1, NULL, 3),
(175, '24158@supnum.mr', '522437aa92f47a6e75533a81974d057d', 1, NULL, 3),
(176, '24159@supnum.mr', '9e0098fd5ef0e9c3f96f53dc09169861', 1, NULL, 3),
(177, '24160@supnum.mr', '436f6df83b9cd20b3cc3aafa8bec7271', 1, NULL, 3),
(178, '24161@supnum.mr', '9fdbabbe93f84fe980b1e50066e60d94', 1, NULL, 3),
(179, '24162@supnum.mr', '652e1f28ad0de02fb1d0ae97f85d03e1', 1, NULL, 3),
(180, '24163@supnum.mr', '999897d81bdba2ce8a2e8cc4b4373bc1', 1, NULL, 3),
(181, '24164@supnum.mr', 'f0c149d2ca1c7a89dc158c8a434fd75d', 1, NULL, 3),
(182, '24165@supnum.mr', '9143b470a99121683614c21d544dfb48', 1, NULL, 3),
(183, '24166@supnum.mr', 'ea59d2b62fee223ae77fe9e8db61fd95', 1, NULL, 3),
(184, '24167@supnum.mr', 'e53f60e035048062725835cdb093c7e4', 1, NULL, 3),
(185, '24168@supnum.mr', '135a07febe5b40ddff7a868d21e2fa8a', 1, NULL, 3),
(186, '24169@supnum.mr', 'a452bf092fa17ed0c9dcceb671593aa7', 1, NULL, 3),
(187, '24170@supnum.mr', 'bb27669bdf861bf75c691c07fb43ce38', 1, NULL, 3),
(188, '24171@supnum.mr', 'f8b29ed8f10b4fa7ec5a5f8cb035109d', 1, NULL, 3),
(189, '24172@supnum.mr', '11d0d6eef94fd74678a8b127e8b82bd1', 1, NULL, 3),
(190, '24173@supnum.mr', '1c66ecbd07e2f1a2d55ed04273a7dbf8', 1, NULL, 3),
(191, '24174@supnum.mr', '802cd15c0e6507b5e3f2ff6ffa056592', 1, NULL, 3),
(192, '24175@supnum.mr', 'b88d238720ad7c8aa48fd1508f76ee66', 1, NULL, 3),
(193, '24176@supnum.mr', 'fa7102bcc625bd4b8fea2856866528e5', 1, NULL, 3),
(194, '24177@supnum.mr', '8966aaca920f8be13a4ba394623eb0d6', 1, NULL, 3),
(195, '24178@supnum.mr', 'd799a668b6de46c4ffd9b856a09ae391', 1, NULL, 3),
(196, '24179@supnum.mr', '730f740dd0b241003b8395b08be18385', 1, NULL, 3),
(197, '24180@supnum.mr', '79a7221d951cf0fb0285b8b35c6ed4b3', 1, NULL, 3),
(198, '24181@supnum.mr', '822e9535ffb38473d7d6953602952137', 1, NULL, 3),
(199, '24182@supnum.mr', '9029cb95d38bbfee6a03dbcc574ea810', 1, NULL, 3),
(200, '24183@supnum.mr', '9974ccfcf3f05899fe0147f982ea67de', 1, NULL, 3),
(201, '24184@supnum.mr', '05ce8d2b162c8a489833431fb0ad278f', 1, NULL, 3),
(202, '24185@supnum.mr', '09069b51c48d75409ada9cc512f4e4b4', 1, NULL, 3),
(203, '24186@supnum.mr', 'bb32c0e6f5cc2d9f9d00bffdaf8a2b84', 1, NULL, 3),
(204, '24187@supnum.mr', '8d97fc746da010a2007260bb46b0565f', 1, NULL, 3),
(205, '24188@supnum.mr', '6915c30f446ae2e1a2a44ce4427a9441', 1, NULL, 3),
(206, '24189@supnum.mr', 'b53204deaa691cfe11ca3276022cd00e', 1, NULL, 3),
(207, '24190@supnum.mr', 'd6800ca926731b5ea104307a194c99ec', 1, NULL, 3),
(208, '24191@supnum.mr', 'e81b115171fcabbaa7ad721d8edf33f3', 1, NULL, 3),
(209, '24192@supnum.mr', '55c437dc44a28f85065b3bea9ad4f6ce', 1, NULL, 3),
(210, '24193@supnum.mr', '9eaa38515737d5a0a6da8265a05a330c', 1, NULL, 3),
(211, '24194@supnum.mr', 'dd6049900be66859906ad7a9566da894', 1, NULL, 3),
(212, '24195@supnum.mr', '30efcb194ef1f7654ffa2bb2cbbc26fd', 1, NULL, 3),
(213, '24196@supnum.mr', 'fae22726b8654044ea40d6200e5db117', 1, NULL, 3),
(214, '24197@supnum.mr', 'f318592c31949cc57eff0693c84ce3dd', 1, NULL, 3),
(215, '24198@supnum.mr', '78d84c5aa9afd2a1393c6c16dc88821e', 1, NULL, 3),
(216, '24199@supnum.mr', '65e2fca973ed69a83c471928625a62fb', 1, NULL, 3),
(217, '24200@supnum.mr', '22b911d08c81c66fe93e2e580ed48e56', 1, NULL, 3),
(218, '24201@supnum.mr', 'c09a4d4da9f4645c4484e023fa9351e6', 1, NULL, 3),
(219, '24203@supnum.mr', 'ec534cfbf902e8c1e7cdbec022fb53aa', 1, NULL, 3),
(220, '24204@supnum.mr', '9d71117d7ed56f1eb0a7c0e47a0caaef', 1, NULL, 3),
(221, '24205@supnum.mr', 'ad672792aac14113e935df0bb7064020', 1, NULL, 3),
(222, '24206@supnum.mr', '78ca57bb65db42128e9fc69b385cb0dc', 1, NULL, 3),
(223, '24207@supnum.mr', '5eabc95c00b946956d2c535d8cb7a87a', 1, NULL, 3),
(224, '24208@supnum.mr', '9add67116fce3e5eac2d75236a5e1b92', 1, NULL, 3),
(225, '24209@supnum.mr', '5a8b19ff9554c733508f40794936d62f', 1, NULL, 3),
(226, '24210@supnum.mr', '0504de3c69d20c116a6c7367748f4f6b', 1, NULL, 3),
(227, '24211@supnum.mr', '30ffda0a990f1392c6206e12350ef632', 1, NULL, 3),
(228, '24212@supnum.mr', '81af5109a4af14a261a49f6e8c9cb707', 1, NULL, 3),
(229, '24213@supnum.mr', '534dfc85a4d5c09358ad6c917f238c5d', 1, NULL, 3),
(230, '24214@supnum.mr', 'b9cc89d62fc231bd0cf425c03558eb93', 1, NULL, 3),
(231, '24215@supnum.mr', 'b6f442d4887c5d5481ef9284a54a9bcc', 1, NULL, 3),
(232, '24216@supnum.mr', '7d99059a60a8ed0197e6bca32e9c8ad0', 1, NULL, 3),
(233, '24217@supnum.mr', '2d1c7b18678fa12c9f04a564221da17c', 1, NULL, 3),
(234, '24218@supnum.mr', 'a4257c7860f286778997a85539eb2784', 1, NULL, 3),
(235, '24220@supnum.mr', 'bbaff9a7307f5b10b56ef1ac99f5ef8d', 1, NULL, 3),
(236, '24221@supnum.mr', '74a834528a440a508f741ab9032a8d5e', 1, NULL, 3),
(237, '24222@supnum.mr', 'd86b9b1e419938cd7a84c2a0a78e1636', 1, NULL, 3),
(238, '24223@supnum.mr', 'e9970c750a509041b588b129ad06e929', 1, NULL, 3),
(239, '24224@supnum.mr', '16817628550d57ec6c2a6934b866fdea', 1, NULL, 3),
(240, '24225@supnum.mr', '0263b6568d792ca324ca45b22569c46a', 1, NULL, 3),
(241, '24226@supnum.mr', 'cc0e3379db9fd6f6ecf81eb1a2e0eeaf', 1, NULL, 3),
(242, '24227@supnum.mr', 'cf0a3f073fdd025004622786f547bc98', 1, NULL, 3),
(243, '24228@supnum.mr', '39b289d45e431a549cd66522296f7eab', 1, NULL, 3),
(244, '24229@supnum.mr', 'b4050e1827f5aa1c519212cff2a0fb76', 1, NULL, 3),
(245, '24230@supnum.mr', '1548477c98baa76b856e1f91eee9f89d', 1, NULL, 3),
(246, '24232@supnum.mr', 'b110706b9794acf2090260da46d559d7', 1, NULL, 3),
(247, '24233@supnum.mr', 'f23b239a41848b505626ae56b1c684e9', 1, NULL, 3),
(248, '24234@supnum.mr', '55ef29c828543afdb62bdf7360ba7ca8', 1, NULL, 3),
(249, '24235@supnum.mr', 'b89b50978824723399c79974da5f685e', 1, NULL, 3),
(250, '24236@supnum.mr', 'e0b8550788bdf64c33299e89e207a169', 1, NULL, 3),
(251, '24237@supnum.mr', '3dbcdd12493cbd81c2850762443afa8b', 1, NULL, 3),
(252, '24238@supnum.mr', '22720899ab278f4b6f6b7b77c1e14e63', 1, NULL, 3),
(253, '24239@supnum.mr', '07c793a6f19a1d463018a88638542e7e', 1, NULL, 3),
(254, '24240@supnum.mr', '1b2f62f9f8f36eeb3c2a1ed42d1a2249', 1, NULL, 3),
(255, '24241@supnum.mr', 'f6c28d4c1c82e24f13b28f2a3e791f50', 1, NULL, 3),
(256, '24242@supnum.mr', '70594e127497bc4031e6e0d9e1825ffb', 1, NULL, 3),
(257, '24243@supnum.mr', '71ce916f031a95df1ba63bbfa9f38159', 1, NULL, 3),
(258, '24244@supnum.mr', 'fb3d8d17cf698aea1adbf9d6269eef2f', 1, NULL, 3),
(259, '24245@supnum.mr', '53b5d00a34df247ee59379565a36fd2e', 1, NULL, 3),
(260, '24246@supnum.mr', '5c811a11e9985a5873b978aa412704c3', 1, NULL, 3),
(261, '24247@supnum.mr', 'a463b110c41f90342238e12798500ad5', 1, NULL, 3),
(262, '24248@supnum.mr', '45f78e365bf7c6835bb5a7075ea9800b', 1, NULL, 3),
(263, '24249@supnum.mr', '4275c89e55b43195b937a1ed97d3f66d', 1, NULL, 3),
(264, '24250@supnum.mr', 'f6b7a871801335dc2530b8bb44bf40fd', 1, NULL, 3),
(265, '24251@supnum.mr', '102c5a9bbb72a3368e39e09780d5ae8c', 1, NULL, 3),
(266, '24252@supnum.mr', '1732c90227b2d7d3d8125ae2d4959590', 1, NULL, 3),
(267, '24253@supnum.mr', 'b8d87b53161a82f887880a066786ad0b', 1, NULL, 3),
(268, '24254@supnum.mr', '2e3397fa2cdb397f6aac36cb965bcb9f', 1, NULL, 3),
(269, '24255@supnum.mr', 'a10778453fdaca94fb07afd061f2f4fc', 1, NULL, 3),
(270, '24256@supnum.mr', 'cc2a323871cf2c8ce26328891c195f94', 1, NULL, 3),
(271, '24257@supnum.mr', 'dfba6058617a4f17c86297441ebbf6d7', 1, NULL, 3),
(272, '24259@supnum.mr', '4db45e12e3f446ab34ed8a1f6400ab68', 1, NULL, 3),
(273, '24260@supnum.mr', 'b9e35f2938c88ce43b7f1fcb69790ed3', 1, NULL, 3),
(274, '24261@supnum.mr', '28bfb371a18dab7f8abe44c0552c8f33', 1, NULL, 3),
(275, '24262@supnum.mr', '685f56c7f2b8ca054b856b592c247dee', 1, NULL, 3),
(276, '24263@supnum.mr', '3148343964588fcf383eb51730c3ebac', 1, NULL, 3),
(277, '24268@supnum.mr', '0c4fe759a851f988e205e7cbb60f64ea', 1, NULL, 3),
(278, '24269@supnum.mr', '08b4c419e058506274074859db01fedc', 1, NULL, 3),
(279, '24270@supnum.mr', '468561b432660a79aef9f2c553c43edd', 1, NULL, 3),
(280, '24271@supnum.mr', '4546a73849fc379caf7510eafb222f2b', 1, NULL, 3);